source_path,source_file,source_project,classification,reference_file,code_path,code_relative_path,code_project,dependency_confidence,match_basis,line_number,line_excerpt
/Users/D/R Working Directory/SCUC-Book---28-Years-of-Data/data/SCUC Snapshots 1995 to 2022-LONG.csv,SCUC Snapshots 1995 to 2022-LONG.csv,SCUC-Book---28-Years-of-Data,06 canonical data set matches,SCUC_Snapshots_1995_to_2022_LONG_CANONICAL.csv,/Users/D/R Working Directory/How to Build Plotly Plots/MULTIPLE PLOTLY PLOTS AT ONCE.qmd,How to Build Plotly Plots/MULTIPLE PLOTLY PLOTS AT ONCE.qmd,How to Build Plotly Plots,ambiguous,filename only,38,"df2 <- read_csv(file = here::here(""data"", ""SCUC Snapshots 1995 to 2022-LONG.csv""), show_col_types = FALSE)"
/Users/D/R Working Directory/SCUC Data Analysis/TEST-Plotting Data From TEA Reports/data/SCUC Snapshots 1995 to 2022-LONG.csv,SCUC Snapshots 1995 to 2022-LONG.csv,SCUC Data Analysis,08 datasets prior to pre-canonical set matches,,/Users/D/R Working Directory/How to Build Plotly Plots/MULTIPLE PLOTLY PLOTS AT ONCE.qmd,How to Build Plotly Plots/MULTIPLE PLOTLY PLOTS AT ONCE.qmd,How to Build Plotly Plots,ambiguous,filename only,38,"df2 <- read_csv(file = here::here(""data"", ""SCUC Snapshots 1995 to 2022-LONG.csv""), show_col_types = FALSE)"
/Users/D/R Working Directory/SCUC Data Analysis/data/SCUC Snapshots 1995 to 2022-LONG.csv,SCUC Snapshots 1995 to 2022-LONG.csv,SCUC Data Analysis,08 datasets prior to pre-canonical set matches,,/Users/D/R Working Directory/How to Build Plotly Plots/MULTIPLE PLOTLY PLOTS AT ONCE.qmd,How to Build Plotly Plots/MULTIPLE PLOTLY PLOTS AT ONCE.qmd,How to Build Plotly Plots,ambiguous,filename only,38,"df2 <- read_csv(file = here::here(""data"", ""SCUC Snapshots 1995 to 2022-LONG.csv""), show_col_types = FALSE)"
/Users/D/R Working Directory/Master Data Bank/CANONICAL DATA SETS/SCUC Canonical Data Sets/SCUC_Snapshots_1995_to_2022_LONG_CANONICAL.csv,SCUC_Snapshots_1995_to_2022_LONG_CANONICAL.csv,Master Data Bank,06 canonical data set matches,SCUC_Snapshots_1995_to_2022_LONG_CANONICAL.csv,/Users/D/R Working Directory/SCUC Data Analysis/TEST-Plotting Data From TEA Reports/Exploratory Data Analysis-Kelsey Gonzalez.qmd,SCUC Data Analysis/TEST-Plotting Data From TEA Reports/Exploratory Data Analysis-Kelsey Gonzalez.qmd,SCUC Data Analysis,ambiguous,filename only,61,"df2 <- read_csv(file = here::here(""data"",""SCUC_Snapshots_1995_to_2022_LONG_CANONICAL.csv"")) |>"
/Users/D/R Working Directory/29-Years-of-Data-SCUC/data/TEST SCUC 2004 TEA TAKS Data Grades 3-11.csv,TEST SCUC 2004 TEA TAKS Data Grades 3-11.csv,29-Years-of-Data-SCUC,08 datasets prior to pre-canonical set matches,,/Users/D/R Working Directory/SCUC Data Analysis/TEST-Plotting Data From TEA Reports/Exploratory Data Analysis-Kelsey Gonzalez.qmd,SCUC Data Analysis/TEST-Plotting Data From TEA Reports/Exploratory Data Analysis-Kelsey Gonzalez.qmd,SCUC Data Analysis,ambiguous,filename only,59,"df1 <- read_csv(file = here::here(""data"",""TEST SCUC 2004 TEA TAKS Data Grades 3-11.csv""))"
/Users/D/R Working Directory/SCUC Data Analysis/TEST-Plotting Data From TEA Reports/data/TEST SCUC 2004 TEA TAKS Data Grades 3-11.csv,TEST SCUC 2004 TEA TAKS Data Grades 3-11.csv,SCUC Data Analysis,08 datasets prior to pre-canonical set matches,,/Users/D/R Working Directory/SCUC Data Analysis/TEST-Plotting Data From TEA Reports/Exploratory Data Analysis-Kelsey Gonzalez.qmd,SCUC Data Analysis/TEST-Plotting Data From TEA Reports/Exploratory Data Analysis-Kelsey Gonzalez.qmd,SCUC Data Analysis,likely,filename only,59,"df1 <- read_csv(file = here::here(""data"",""TEST SCUC 2004 TEA TAKS Data Grades 3-11.csv""))"
/Users/D/R Working Directory/SCUC-Book---28-Years-of-Data/data/TEST SCUC 2004 TEA TAKS Data Grades 3-11.csv,TEST SCUC 2004 TEA TAKS Data Grades 3-11.csv,SCUC-Book---28-Years-of-Data,08 datasets prior to pre-canonical set matches,,/Users/D/R Working Directory/SCUC Data Analysis/TEST-Plotting Data From TEA Reports/Exploratory Data Analysis-Kelsey Gonzalez.qmd,SCUC Data Analysis/TEST-Plotting Data From TEA Reports/Exploratory Data Analysis-Kelsey Gonzalez.qmd,SCUC Data Analysis,ambiguous,filename only,59,"df1 <- read_csv(file = here::here(""data"",""TEST SCUC 2004 TEA TAKS Data Grades 3-11.csv""))"
/Users/D/R Working Directory/Master Data Bank/CANONICAL DATA SETS/SCUC Canonical Data Sets/SCUC_Snapshots_1995_to_2022_LONG_CANONICAL.csv,SCUC_Snapshots_1995_to_2022_LONG_CANONICAL.csv,Master Data Bank,06 canonical data set matches,SCUC_Snapshots_1995_to_2022_LONG_CANONICAL.csv,/Users/D/R Working Directory/SCUC Data Analysis/TEST-Plotting Data From TEA Reports/Plotting Data From TEA Reports.qmd,SCUC Data Analysis/TEST-Plotting Data From TEA Reports/Plotting Data From TEA Reports.qmd,SCUC Data Analysis,ambiguous,filename only,50,"df2 <- read_csv(file = here::here(""data"",""SCUC_Snapshots_1995_to_2022_LONG_CANONICAL.csv"")) |>"
/Users/D/R Working Directory/Master Data Bank/CANONICAL DATA SETS/SCUC Canonical Data Sets/SCUC_Snapshots_1995_to_2022_LONG_CANONICAL.csv,SCUC_Snapshots_1995_to_2022_LONG_CANONICAL.csv,Master Data Bank,06 canonical data set matches,SCUC_Snapshots_1995_to_2022_LONG_CANONICAL.csv,/Users/D/R Working Directory/SCUC Data Analysis/TEST-Plotting Data From TEA Reports/Plotting Data From TEA Reports.qmd,SCUC Data Analysis/TEST-Plotting Data From TEA Reports/Plotting Data From TEA Reports.qmd,SCUC Data Analysis,ambiguous,filename only,261,"df2 <- read_csv(file = here::here(""data"",""SCUC_Snapshots_1995_to_2022_LONG_CANONICAL.csv"")) |>"
/Users/D/R Working Directory/Master Data Bank/CANONICAL DATA SETS/SCUC Canonical Data Sets/SCUC_Snapshots_1995_to_2022_LONG_CANONICAL.csv,SCUC_Snapshots_1995_to_2022_LONG_CANONICAL.csv,Master Data Bank,06 canonical data set matches,SCUC_Snapshots_1995_to_2022_LONG_CANONICAL.csv,/Users/D/R Working Directory/SCUC Data Analysis/TEST-Plotting Data From TEA Reports/Plotting Data From TEA Reports.qmd,SCUC Data Analysis/TEST-Plotting Data From TEA Reports/Plotting Data From TEA Reports.qmd,SCUC Data Analysis,ambiguous,filename only,418,"df2 <- read_csv(file = here::here(""data"",""SCUC_Snapshots_1995_to_2022_LONG_CANONICAL.csv"")) |>"
/Users/D/R Working Directory/29-Years-of-Data-SCUC/data/TEST SCUC 2004 TEA TAKS Data Grades 3-11.csv,TEST SCUC 2004 TEA TAKS Data Grades 3-11.csv,29-Years-of-Data-SCUC,08 datasets prior to pre-canonical set matches,,/Users/D/R Working Directory/SCUC Data Analysis/TEST-Plotting Data From TEA Reports/Plotting Data From TEA Reports.qmd,SCUC Data Analysis/TEST-Plotting Data From TEA Reports/Plotting Data From TEA Reports.qmd,SCUC Data Analysis,ambiguous,filename only,48,"df1 <- read_csv(file = here::here(""data"",""TEST SCUC 2004 TEA TAKS Data Grades 3-11.csv""))"
/Users/D/R Working Directory/29-Years-of-Data-SCUC/data/TEST SCUC 2004 TEA TAKS Data Grades 3-11.csv,TEST SCUC 2004 TEA TAKS Data Grades 3-11.csv,29-Years-of-Data-SCUC,08 datasets prior to pre-canonical set matches,,/Users/D/R Working Directory/SCUC Data Analysis/TEST-Plotting Data From TEA Reports/Plotting Data From TEA Reports.qmd,SCUC Data Analysis/TEST-Plotting Data From TEA Reports/Plotting Data From TEA Reports.qmd,SCUC Data Analysis,ambiguous,filename only,75,"df1 <- read_csv(file = here::here(""data"",""TEST SCUC 2004 TEA TAKS Data Grades 3-11.csv""))"
/Users/D/R Working Directory/29-Years-of-Data-SCUC/data/TEST SCUC 2004 TEA TAKS Data Grades 3-11.csv,TEST SCUC 2004 TEA TAKS Data Grades 3-11.csv,29-Years-of-Data-SCUC,08 datasets prior to pre-canonical set matches,,/Users/D/R Working Directory/SCUC Data Analysis/TEST-Plotting Data From TEA Reports/Plotting Data From TEA Reports.qmd,SCUC Data Analysis/TEST-Plotting Data From TEA Reports/Plotting Data From TEA Reports.qmd,SCUC Data Analysis,ambiguous,filename only,108,"df1 <- read_csv(file = here::here(""data"",""TEST SCUC 2004 TEA TAKS Data Grades 3-11.csv""))"
/Users/D/R Working Directory/SCUC Data Analysis/TEST-Plotting Data From TEA Reports/data/TEST SCUC 2004 TEA TAKS Data Grades 3-11.csv,TEST SCUC 2004 TEA TAKS Data Grades 3-11.csv,SCUC Data Analysis,08 datasets prior to pre-canonical set matches,,/Users/D/R Working Directory/SCUC Data Analysis/TEST-Plotting Data From TEA Reports/Plotting Data From TEA Reports.qmd,SCUC Data Analysis/TEST-Plotting Data From TEA Reports/Plotting Data From TEA Reports.qmd,SCUC Data Analysis,likely,filename only,48,"df1 <- read_csv(file = here::here(""data"",""TEST SCUC 2004 TEA TAKS Data Grades 3-11.csv""))"
/Users/D/R Working Directory/SCUC Data Analysis/TEST-Plotting Data From TEA Reports/data/TEST SCUC 2004 TEA TAKS Data Grades 3-11.csv,TEST SCUC 2004 TEA TAKS Data Grades 3-11.csv,SCUC Data Analysis,08 datasets prior to pre-canonical set matches,,/Users/D/R Working Directory/SCUC Data Analysis/TEST-Plotting Data From TEA Reports/Plotting Data From TEA Reports.qmd,SCUC Data Analysis/TEST-Plotting Data From TEA Reports/Plotting Data From TEA Reports.qmd,SCUC Data Analysis,likely,filename only,75,"df1 <- read_csv(file = here::here(""data"",""TEST SCUC 2004 TEA TAKS Data Grades 3-11.csv""))"
/Users/D/R Working Directory/SCUC Data Analysis/TEST-Plotting Data From TEA Reports/data/TEST SCUC 2004 TEA TAKS Data Grades 3-11.csv,TEST SCUC 2004 TEA TAKS Data Grades 3-11.csv,SCUC Data Analysis,08 datasets prior to pre-canonical set matches,,/Users/D/R Working Directory/SCUC Data Analysis/TEST-Plotting Data From TEA Reports/Plotting Data From TEA Reports.qmd,SCUC Data Analysis/TEST-Plotting Data From TEA Reports/Plotting Data From TEA Reports.qmd,SCUC Data Analysis,likely,filename only,108,"df1 <- read_csv(file = here::here(""data"",""TEST SCUC 2004 TEA TAKS Data Grades 3-11.csv""))"
/Users/D/R Working Directory/SCUC-Book---28-Years-of-Data/data/TEST SCUC 2004 TEA TAKS Data Grades 3-11.csv,TEST SCUC 2004 TEA TAKS Data Grades 3-11.csv,SCUC-Book---28-Years-of-Data,08 datasets prior to pre-canonical set matches,,/Users/D/R Working Directory/SCUC Data Analysis/TEST-Plotting Data From TEA Reports/Plotting Data From TEA Reports.qmd,SCUC Data Analysis/TEST-Plotting Data From TEA Reports/Plotting Data From TEA Reports.qmd,SCUC Data Analysis,ambiguous,filename only,48,"df1 <- read_csv(file = here::here(""data"",""TEST SCUC 2004 TEA TAKS Data Grades 3-11.csv""))"
/Users/D/R Working Directory/SCUC-Book---28-Years-of-Data/data/TEST SCUC 2004 TEA TAKS Data Grades 3-11.csv,TEST SCUC 2004 TEA TAKS Data Grades 3-11.csv,SCUC-Book---28-Years-of-Data,08 datasets prior to pre-canonical set matches,,/Users/D/R Working Directory/SCUC Data Analysis/TEST-Plotting Data From TEA Reports/Plotting Data From TEA Reports.qmd,SCUC Data Analysis/TEST-Plotting Data From TEA Reports/Plotting Data From TEA Reports.qmd,SCUC Data Analysis,ambiguous,filename only,75,"df1 <- read_csv(file = here::here(""data"",""TEST SCUC 2004 TEA TAKS Data Grades 3-11.csv""))"
/Users/D/R Working Directory/SCUC-Book---28-Years-of-Data/data/TEST SCUC 2004 TEA TAKS Data Grades 3-11.csv,TEST SCUC 2004 TEA TAKS Data Grades 3-11.csv,SCUC-Book---28-Years-of-Data,08 datasets prior to pre-canonical set matches,,/Users/D/R Working Directory/SCUC Data Analysis/TEST-Plotting Data From TEA Reports/Plotting Data From TEA Reports.qmd,SCUC Data Analysis/TEST-Plotting Data From TEA Reports/Plotting Data From TEA Reports.qmd,SCUC Data Analysis,ambiguous,filename only,108,"df1 <- read_csv(file = here::here(""data"",""TEST SCUC 2004 TEA TAKS Data Grades 3-11.csv""))"
/Users/D/R Working Directory/SCUC Data Analysis/Various Scripts for Book Examples/scuc-tea-5yr-snapshot-df.xlsx,scuc-tea-5yr-snapshot-df.xlsx,SCUC Data Analysis,08 datasets prior to pre-canonical set matches,,/Users/D/R Working Directory/SCUC Data Analysis/Various Scripts for Book Examples/BROKEN SCRIPT  5 Yrs of TEA Snapshots.R,SCUC Data Analysis/Various Scripts for Book Examples/BROKEN SCRIPT  5 Yrs of TEA Snapshots.R,SCUC Data Analysis,likely,filename only,39,"# list of 130 column names in TEA downloaded Excel file I named ""scuc-tea-5yr-snapshot-df.xlsx"""
/Users/D/R Working Directory/SCUC Data Analysis/Various Scripts for Book Examples/scuc-tea-5yr-snapshot-df.xlsx,scuc-tea-5yr-snapshot-df.xlsx,SCUC Data Analysis,08 datasets prior to pre-canonical set matches,,/Users/D/R Working Directory/SCUC Data Analysis/Various Scripts for Book Examples/BROKEN SCRIPT  5 Yrs of TEA Snapshots.R,SCUC Data Analysis/Various Scripts for Book Examples/BROKEN SCRIPT  5 Yrs of TEA Snapshots.R,SCUC Data Analysis,likely,filename only,176,"df <- readxl::read_xlsx(""scuc-tea-5yr-snapshot-df.xlsx"","
/Users/D/R Working Directory/Master Data Bank/CANONICAL DATA SETS/SCUC Canonical Data Sets/SCUC_Snapshots_1995_to_2022_LONG_CANONICAL.csv,SCUC_Snapshots_1995_to_2022_LONG_CANONICAL.csv,Master Data Bank,06 canonical data set matches,SCUC_Snapshots_1995_to_2022_LONG_CANONICAL.csv,/Users/D/R Working Directory/SCUC-Book---28-Years-of-Data/Avg STAAR Scores By Subject - All Grades - Approaches or Above - all Groups Combined.qmd,SCUC-Book---28-Years-of-Data/Avg STAAR Scores By Subject - All Grades - Approaches or Above - all Groups Combined.qmd,SCUC-Book---28-Years-of-Data,ambiguous,filename only,90,"""SCUC_Snapshots_1995_to_2022_LONG_CANONICAL.csv"")"
/Users/D/R Working Directory/Master Data Bank/CANONICAL DATA SETS/SCUC Canonical Data Sets/SCUC_Snapshots_1995_to_2022_LONG_CANONICAL.csv,SCUC_Snapshots_1995_to_2022_LONG_CANONICAL.csv,Master Data Bank,06 canonical data set matches,SCUC_Snapshots_1995_to_2022_LONG_CANONICAL.csv,/Users/D/R Working Directory/SCUC-Book---28-Years-of-Data/Avg STAAR Scores By Subject - All Grades - Approaches or Above - all Groups Combined.qmd,SCUC-Book---28-Years-of-Data/Avg STAAR Scores By Subject - All Grades - Approaches or Above - all Groups Combined.qmd,SCUC-Book---28-Years-of-Data,ambiguous,filename only,374,"#                                   ""SCUC_Snapshots_1995_to_2022_LONG_CANONICAL.csv"""
/Users/D/R Working Directory/Master Data Bank/CANONICAL DATA SETS/SCUC Canonical Data Sets/SCUC_Snapshots_1995_to_2022_LONG_CANONICAL.csv,SCUC_Snapshots_1995_to_2022_LONG_CANONICAL.csv,Master Data Bank,06 canonical data set matches,SCUC_Snapshots_1995_to_2022_LONG_CANONICAL.csv,/Users/D/R Working Directory/SCUC-Book---28-Years-of-Data/Avg STAAR Scores By Subject - All Grades - Failing - all Groups Combined.qmd,SCUC-Book---28-Years-of-Data/Avg STAAR Scores By Subject - All Grades - Failing - all Groups Combined.qmd,SCUC-Book---28-Years-of-Data,ambiguous,filename only,85,"""SCUC_Snapshots_1995_to_2022_LONG_CANONICAL.csv"")"
/Users/D/R Working Directory/Master Data Bank/CANONICAL DATA SETS/SCUC Canonical Data Sets/SCUC_Snapshots_1995_to_2022_LONG_CANONICAL.csv,SCUC_Snapshots_1995_to_2022_LONG_CANONICAL.csv,Master Data Bank,06 canonical data set matches,SCUC_Snapshots_1995_to_2022_LONG_CANONICAL.csv,/Users/D/R Working Directory/SCUC-Book---28-Years-of-Data/Avg STAAR Scores By Subject - All Grades - Failing - all Groups Combined.qmd,SCUC-Book---28-Years-of-Data/Avg STAAR Scores By Subject - All Grades - Failing - all Groups Combined.qmd,SCUC-Book---28-Years-of-Data,ambiguous,filename only,370,"#                                   ""SCUC_Snapshots_1995_to_2022_LONG_CANONICAL.csv"""
/Users/D/R Working Directory/Master Data Bank/CANONICAL DATA SETS/SCUC Canonical Data Sets/SCUC_Snapshots_1995_to_2022_LONG_CANONICAL.csv,SCUC_Snapshots_1995_to_2022_LONG_CANONICAL.csv,Master Data Bank,06 canonical data set matches,SCUC_Snapshots_1995_to_2022_LONG_CANONICAL.csv,/Users/D/R Working Directory/SCUC-Book---28-Years-of-Data/Avg STAAR Scores By Subject - All Grades - Masters - all Groups Combined.qmd,SCUC-Book---28-Years-of-Data/Avg STAAR Scores By Subject - All Grades - Masters - all Groups Combined.qmd,SCUC-Book---28-Years-of-Data,ambiguous,filename only,91,"#                                   ""SCUC_Snapshots_1995_to_2022_LONG_CANONICAL.csv"")"
/Users/D/R Working Directory/Master Data Bank/CANONICAL DATA SETS/SCUC Canonical Data Sets/SCUC_Snapshots_1995_to_2022_LONG_CANONICAL.csv,SCUC_Snapshots_1995_to_2022_LONG_CANONICAL.csv,Master Data Bank,06 canonical data set matches,SCUC_Snapshots_1995_to_2022_LONG_CANONICAL.csv,/Users/D/R Working Directory/SCUC-Book---28-Years-of-Data/Avg STAAR Scores By Subject - All Grades - Masters - all Groups Combined.qmd,SCUC-Book---28-Years-of-Data/Avg STAAR Scores By Subject - All Grades - Masters - all Groups Combined.qmd,SCUC-Book---28-Years-of-Data,ambiguous,filename only,381,"#                                   ""SCUC_Snapshots_1995_to_2022_LONG_CANONICAL.csv"""
/Users/D/R Working Directory/Master Data Bank/CANONICAL DATA SETS/SCUC Canonical Data Sets/SCUC_Snapshots_1995_to_2022_LONG_CANONICAL.csv,SCUC_Snapshots_1995_to_2022_LONG_CANONICAL.csv,Master Data Bank,06 canonical data set matches,SCUC_Snapshots_1995_to_2022_LONG_CANONICAL.csv,/Users/D/R Working Directory/SCUC-Book---28-Years-of-Data/Avg STAAR Scores By Subject - All Grades - Meets or Above - all Groups Combined.qmd,SCUC-Book---28-Years-of-Data/Avg STAAR Scores By Subject - All Grades - Meets or Above - all Groups Combined.qmd,SCUC-Book---28-Years-of-Data,ambiguous,filename only,90,"""SCUC_Snapshots_1995_to_2022_LONG_CANONICAL.csv"")"
/Users/D/R Working Directory/Master Data Bank/CANONICAL DATA SETS/SCUC Canonical Data Sets/SCUC_Snapshots_1995_to_2022_LONG_CANONICAL.csv,SCUC_Snapshots_1995_to_2022_LONG_CANONICAL.csv,Master Data Bank,06 canonical data set matches,SCUC_Snapshots_1995_to_2022_LONG_CANONICAL.csv,/Users/D/R Working Directory/SCUC-Book---28-Years-of-Data/Avg STAAR Scores By Subject - All Grades - Meets or Above - all Groups Combined.qmd,SCUC-Book---28-Years-of-Data/Avg STAAR Scores By Subject - All Grades - Meets or Above - all Groups Combined.qmd,SCUC-Book---28-Years-of-Data,ambiguous,filename only,374,"#                                   ""SCUC_Snapshots_1995_to_2022_LONG_CANONICAL.csv"""
/Users/D/R Working Directory/Master Data Bank/CANONICAL DATA SETS/SCUC Canonical Data Sets/SCUC_Snapshots_1995_to_2022_LONG_CANONICAL.csv,SCUC_Snapshots_1995_to_2022_LONG_CANONICAL.csv,Master Data Bank,06 canonical data set matches,SCUC_Snapshots_1995_to_2022_LONG_CANONICAL.csv,/Users/D/R Working Directory/SCUC-Book---28-Years-of-Data/Avg STAAR Scores by Ethnic Classification - All Grades - Approaches or Above.qmd,SCUC-Book---28-Years-of-Data/Avg STAAR Scores by Ethnic Classification - All Grades - Approaches or Above.qmd,SCUC-Book---28-Years-of-Data,ambiguous,filename only,85,"""SCUC_Snapshots_1995_to_2022_LONG_CANONICAL.csv"")"
/Users/D/R Working Directory/Master Data Bank/CANONICAL DATA SETS/SCUC Canonical Data Sets/SCUC_Snapshots_1995_to_2022_LONG_CANONICAL.csv,SCUC_Snapshots_1995_to_2022_LONG_CANONICAL.csv,Master Data Bank,06 canonical data set matches,SCUC_Snapshots_1995_to_2022_LONG_CANONICAL.csv,/Users/D/R Working Directory/SCUC-Book---28-Years-of-Data/Avg STAAR Scores by Ethnic Classification - All Grades - Approaches or Above.qmd,SCUC-Book---28-Years-of-Data/Avg STAAR Scores by Ethnic Classification - All Grades - Approaches or Above.qmd,SCUC-Book---28-Years-of-Data,ambiguous,filename only,387,"#                                   ""SCUC_Snapshots_1995_to_2022_LONG_CANONICAL.csv"""
/Users/D/R Working Directory/Master Data Bank/CANONICAL DATA SETS/SCUC Canonical Data Sets/SCUC_Snapshots_1995_to_2022_LONG_CANONICAL.csv,SCUC_Snapshots_1995_to_2022_LONG_CANONICAL.csv,Master Data Bank,06 canonical data set matches,SCUC_Snapshots_1995_to_2022_LONG_CANONICAL.csv,/Users/D/R Working Directory/SCUC-Book---28-Years-of-Data/Avg STAAR Scores by Ethnic Classification - All Grades - Failing.qmd,SCUC-Book---28-Years-of-Data/Avg STAAR Scores by Ethnic Classification - All Grades - Failing.qmd,SCUC-Book---28-Years-of-Data,ambiguous,filename only,88,"""SCUC_Snapshots_1995_to_2022_LONG_CANONICAL.csv"")"
/Users/D/R Working Directory/Master Data Bank/CANONICAL DATA SETS/SCUC Canonical Data Sets/SCUC_Snapshots_1995_to_2022_LONG_CANONICAL.csv,SCUC_Snapshots_1995_to_2022_LONG_CANONICAL.csv,Master Data Bank,06 canonical data set matches,SCUC_Snapshots_1995_to_2022_LONG_CANONICAL.csv,/Users/D/R Working Directory/SCUC-Book---28-Years-of-Data/Avg STAAR Scores by Ethnic Classification - All Grades - Failing.qmd,SCUC-Book---28-Years-of-Data/Avg STAAR Scores by Ethnic Classification - All Grades - Failing.qmd,SCUC-Book---28-Years-of-Data,ambiguous,filename only,375,"#                                   ""SCUC_Snapshots_1995_to_2022_LONG_CANONICAL.csv"""
/Users/D/R Working Directory/Master Data Bank/CANONICAL DATA SETS/SCUC Canonical Data Sets/SCUC_Snapshots_1995_to_2022_LONG_CANONICAL.csv,SCUC_Snapshots_1995_to_2022_LONG_CANONICAL.csv,Master Data Bank,06 canonical data set matches,SCUC_Snapshots_1995_to_2022_LONG_CANONICAL.csv,/Users/D/R Working Directory/SCUC-Book---28-Years-of-Data/Avg STAAR Scores by Ethnic Classification - All Grades - Masters.qmd,SCUC-Book---28-Years-of-Data/Avg STAAR Scores by Ethnic Classification - All Grades - Masters.qmd,SCUC-Book---28-Years-of-Data,ambiguous,filename only,85,"""SCUC_Snapshots_1995_to_2022_LONG_CANONICAL.csv"")"
/Users/D/R Working Directory/Master Data Bank/CANONICAL DATA SETS/SCUC Canonical Data Sets/SCUC_Snapshots_1995_to_2022_LONG_CANONICAL.csv,SCUC_Snapshots_1995_to_2022_LONG_CANONICAL.csv,Master Data Bank,06 canonical data set matches,SCUC_Snapshots_1995_to_2022_LONG_CANONICAL.csv,/Users/D/R Working Directory/SCUC-Book---28-Years-of-Data/Avg STAAR Scores by Ethnic Classification - All Grades - Masters.qmd,SCUC-Book---28-Years-of-Data/Avg STAAR Scores by Ethnic Classification - All Grades - Masters.qmd,SCUC-Book---28-Years-of-Data,ambiguous,filename only,370,"#                                   ""SCUC_Snapshots_1995_to_2022_LONG_CANONICAL.csv"""
/Users/D/R Working Directory/Master Data Bank/CANONICAL DATA SETS/SCUC Canonical Data Sets/SCUC_Snapshots_1995_to_2022_LONG_CANONICAL.csv,SCUC_Snapshots_1995_to_2022_LONG_CANONICAL.csv,Master Data Bank,06 canonical data set matches,SCUC_Snapshots_1995_to_2022_LONG_CANONICAL.csv,/Users/D/R Working Directory/SCUC-Book---28-Years-of-Data/Avg STAAR Scores by Ethnic Classification - All Grades - Meets or Above.qmd,SCUC-Book---28-Years-of-Data/Avg STAAR Scores by Ethnic Classification - All Grades - Meets or Above.qmd,SCUC-Book---28-Years-of-Data,ambiguous,filename only,85,"""SCUC_Snapshots_1995_to_2022_LONG_CANONICAL.csv"")"
/Users/D/R Working Directory/Master Data Bank/CANONICAL DATA SETS/SCUC Canonical Data Sets/SCUC_Snapshots_1995_to_2022_LONG_CANONICAL.csv,SCUC_Snapshots_1995_to_2022_LONG_CANONICAL.csv,Master Data Bank,06 canonical data set matches,SCUC_Snapshots_1995_to_2022_LONG_CANONICAL.csv,/Users/D/R Working Directory/SCUC-Book---28-Years-of-Data/Avg STAAR Scores by Ethnic Classification - All Grades - Meets or Above.qmd,SCUC-Book---28-Years-of-Data/Avg STAAR Scores by Ethnic Classification - All Grades - Meets or Above.qmd,SCUC-Book---28-Years-of-Data,ambiguous,filename only,370,"#                                   ""SCUC_Snapshots_1995_to_2022_LONG_CANONICAL.csv"""
/Users/D/R Working Directory/Master Data Bank/CANONICAL DATA SETS/SCUC Canonical Data Sets/SCUC_Snapshots_1995_to_2022_LONG_CANONICAL.csv,SCUC_Snapshots_1995_to_2022_LONG_CANONICAL.csv,Master Data Bank,06 canonical data set matches,SCUC_Snapshots_1995_to_2022_LONG_CANONICAL.csv,/Users/D/R Working Directory/SCUC-Book---28-Years-of-Data/Avg STAAR Scores by Other Classification - All Grades - Approaches or Above.qmd,SCUC-Book---28-Years-of-Data/Avg STAAR Scores by Other Classification - All Grades - Approaches or Above.qmd,SCUC-Book---28-Years-of-Data,ambiguous,filename only,84,"""SCUC_Snapshots_1995_to_2022_LONG_CANONICAL.csv"")"
/Users/D/R Working Directory/Master Data Bank/CANONICAL DATA SETS/SCUC Canonical Data Sets/SCUC_Snapshots_1995_to_2022_LONG_CANONICAL.csv,SCUC_Snapshots_1995_to_2022_LONG_CANONICAL.csv,Master Data Bank,06 canonical data set matches,SCUC_Snapshots_1995_to_2022_LONG_CANONICAL.csv,/Users/D/R Working Directory/SCUC-Book---28-Years-of-Data/Avg STAAR Scores by Other Classification - All Grades - Approaches or Above.qmd,SCUC-Book---28-Years-of-Data/Avg STAAR Scores by Other Classification - All Grades - Approaches or Above.qmd,SCUC-Book---28-Years-of-Data,ambiguous,filename only,369,"#                                   ""SCUC_Snapshots_1995_to_2022_LONG_CANONICAL.csv"""
/Users/D/R Working Directory/Master Data Bank/CANONICAL DATA SETS/SCUC Canonical Data Sets/SCUC_Snapshots_1995_to_2022_LONG_CANONICAL.csv,SCUC_Snapshots_1995_to_2022_LONG_CANONICAL.csv,Master Data Bank,06 canonical data set matches,SCUC_Snapshots_1995_to_2022_LONG_CANONICAL.csv,/Users/D/R Working Directory/SCUC-Book---28-Years-of-Data/Avg STAAR Scores by Other Classification - All Grades - Failing.qmd,SCUC-Book---28-Years-of-Data/Avg STAAR Scores by Other Classification - All Grades - Failing.qmd,SCUC-Book---28-Years-of-Data,ambiguous,filename only,84,"""SCUC_Snapshots_1995_to_2022_LONG_CANONICAL.csv"")"
/Users/D/R Working Directory/Master Data Bank/CANONICAL DATA SETS/SCUC Canonical Data Sets/SCUC_Snapshots_1995_to_2022_LONG_CANONICAL.csv,SCUC_Snapshots_1995_to_2022_LONG_CANONICAL.csv,Master Data Bank,06 canonical data set matches,SCUC_Snapshots_1995_to_2022_LONG_CANONICAL.csv,/Users/D/R Working Directory/SCUC-Book---28-Years-of-Data/Avg STAAR Scores by Other Classification - All Grades - Failing.qmd,SCUC-Book---28-Years-of-Data/Avg STAAR Scores by Other Classification - All Grades - Failing.qmd,SCUC-Book---28-Years-of-Data,ambiguous,filename only,370,"#                                   ""SCUC_Snapshots_1995_to_2022_LONG_CANONICAL.csv"""
/Users/D/R Working Directory/Master Data Bank/CANONICAL DATA SETS/SCUC Canonical Data Sets/SCUC_Snapshots_1995_to_2022_LONG_CANONICAL.csv,SCUC_Snapshots_1995_to_2022_LONG_CANONICAL.csv,Master Data Bank,06 canonical data set matches,SCUC_Snapshots_1995_to_2022_LONG_CANONICAL.csv,/Users/D/R Working Directory/SCUC-Book---28-Years-of-Data/Avg STAAR Scores by Other Classification - All Grades - Masters.qmd,SCUC-Book---28-Years-of-Data/Avg STAAR Scores by Other Classification - All Grades - Masters.qmd,SCUC-Book---28-Years-of-Data,ambiguous,filename only,84,"""SCUC_Snapshots_1995_to_2022_LONG_CANONICAL.csv"")"
/Users/D/R Working Directory/Master Data Bank/CANONICAL DATA SETS/SCUC Canonical Data Sets/SCUC_Snapshots_1995_to_2022_LONG_CANONICAL.csv,SCUC_Snapshots_1995_to_2022_LONG_CANONICAL.csv,Master Data Bank,06 canonical data set matches,SCUC_Snapshots_1995_to_2022_LONG_CANONICAL.csv,/Users/D/R Working Directory/SCUC-Book---28-Years-of-Data/Avg STAAR Scores by Other Classification - All Grades - Masters.qmd,SCUC-Book---28-Years-of-Data/Avg STAAR Scores by Other Classification - All Grades - Masters.qmd,SCUC-Book---28-Years-of-Data,ambiguous,filename only,370,"#                                   ""SCUC_Snapshots_1995_to_2022_LONG_CANONICAL.csv"""
/Users/D/R Working Directory/Master Data Bank/CANONICAL DATA SETS/SCUC Canonical Data Sets/SCUC_Snapshots_1995_to_2022_LONG_CANONICAL.csv,SCUC_Snapshots_1995_to_2022_LONG_CANONICAL.csv,Master Data Bank,06 canonical data set matches,SCUC_Snapshots_1995_to_2022_LONG_CANONICAL.csv,/Users/D/R Working Directory/SCUC-Book---28-Years-of-Data/Avg STAAR Scores by Other Classification - All Grades - Meets or Above.qmd,SCUC-Book---28-Years-of-Data/Avg STAAR Scores by Other Classification - All Grades - Meets or Above.qmd,SCUC-Book---28-Years-of-Data,ambiguous,filename only,84,"""SCUC_Snapshots_1995_to_2022_LONG_CANONICAL.csv"")"
/Users/D/R Working Directory/Master Data Bank/CANONICAL DATA SETS/SCUC Canonical Data Sets/SCUC_Snapshots_1995_to_2022_LONG_CANONICAL.csv,SCUC_Snapshots_1995_to_2022_LONG_CANONICAL.csv,Master Data Bank,06 canonical data set matches,SCUC_Snapshots_1995_to_2022_LONG_CANONICAL.csv,/Users/D/R Working Directory/SCUC-Book---28-Years-of-Data/Avg STAAR Scores by Other Classification - All Grades - Meets or Above.qmd,SCUC-Book---28-Years-of-Data/Avg STAAR Scores by Other Classification - All Grades - Meets or Above.qmd,SCUC-Book---28-Years-of-Data,ambiguous,filename only,370,"#                                   ""SCUC_Snapshots_1995_to_2022_LONG_CANONICAL.csv"""
/Users/D/R Working Directory/Master Data Bank/CANONICAL DATA SETS/SCUC Canonical Data Sets/SCUC_Snapshots_1995_to_2022_LONG_CANONICAL.csv,SCUC_Snapshots_1995_to_2022_LONG_CANONICAL.csv,Master Data Bank,06 canonical data set matches,SCUC_Snapshots_1995_to_2022_LONG_CANONICAL.csv,/Users/D/R Working Directory/SCUC-Book---28-Years-of-Data/DO NOT USE-district_perform2.qmd,SCUC-Book---28-Years-of-Data/DO NOT USE-district_perform2.qmd,SCUC-Book---28-Years-of-Data,ambiguous,filename only,55,"""SCUC_Snapshots_1995_to_2022_LONG_CANONICAL.csv"")"
/Users/D/R Working Directory/Master Data Bank/CANONICAL DATA SETS/SCUC Canonical Data Sets/SCUC_Snapshots_1995_to_2022_LONG_CANONICAL.csv,SCUC_Snapshots_1995_to_2022_LONG_CANONICAL.csv,Master Data Bank,06 canonical data set matches,SCUC_Snapshots_1995_to_2022_LONG_CANONICAL.csv,/Users/D/R Working Directory/SCUC-Book---28-Years-of-Data/IGNORE standardized_scores.qmd,SCUC-Book---28-Years-of-Data/IGNORE standardized_scores.qmd,SCUC-Book---28-Years-of-Data,ambiguous,filename only,73,"""SCUC_Snapshots_1995_to_2022_LONG_CANONICAL.csv"""
/Users/D/R Working Directory/Master Data Bank/CANONICAL DATA SETS/SCUC Canonical Data Sets/SCUC_Snapshots_1995_to_2022_LONG_CANONICAL.csv,SCUC_Snapshots_1995_to_2022_LONG_CANONICAL.csv,Master Data Bank,06 canonical data set matches,SCUC_Snapshots_1995_to_2022_LONG_CANONICAL.csv,/Users/D/R Working Directory/SCUC-Book---28-Years-of-Data/IGNORE standardized_scores.qmd,SCUC-Book---28-Years-of-Data/IGNORE standardized_scores.qmd,SCUC-Book---28-Years-of-Data,ambiguous,filename only,322,"#                                   ""SCUC_Snapshots_1995_to_2022_LONG_CANONICAL.csv"")"
/Users/D/R Working Directory/Master Data Bank/CANONICAL DATA SETS/SCUC Canonical Data Sets/SCUC_Snapshots_1995_to_2022_LONG_CANONICAL.csv,SCUC_Snapshots_1995_to_2022_LONG_CANONICAL.csv,Master Data Bank,06 canonical data set matches,SCUC_Snapshots_1995_to_2022_LONG_CANONICAL.csv,/Users/D/R Working Directory/SCUC-Book---28-Years-of-Data/MULTIPLE PLOTLY PLOTS AT ONCE.qmd,SCUC-Book---28-Years-of-Data/MULTIPLE PLOTLY PLOTS AT ONCE.qmd,SCUC-Book---28-Years-of-Data,ambiguous,filename only,38,"df2 <- read_csv(file = here::here(""data"", ""SCUC_Snapshots_1995_to_2022_LONG_CANONICAL.csv""), show_col_types = FALSE)"
/Users/D/R Working Directory/Master Data Bank/CANONICAL DATA SETS/SCUC Canonical Data Sets/SCUC_Snapshots_1995_to_2022_LONG_CANONICAL.csv,SCUC_Snapshots_1995_to_2022_LONG_CANONICAL.csv,Master Data Bank,06 canonical data set matches,SCUC_Snapshots_1995_to_2022_LONG_CANONICAL.csv,/Users/D/R Working Directory/SCUC-Book---28-Years-of-Data/PLOTLY Plots 1 by 1.qmd,SCUC-Book---28-Years-of-Data/PLOTLY Plots 1 by 1.qmd,SCUC-Book---28-Years-of-Data,ambiguous,filename only,53,"#                                   ""SCUC_Snapshots_1995_to_2022_LONG_CANONICAL.csv"")"
/Users/D/R Working Directory/Master Data Bank/CANONICAL DATA SETS/SCUC Canonical Data Sets/SCUC_Snapshots_1995_to_2022_LONG_CANONICAL.csv,SCUC_Snapshots_1995_to_2022_LONG_CANONICAL.csv,Master Data Bank,06 canonical data set matches,SCUC_Snapshots_1995_to_2022_LONG_CANONICAL.csv,/Users/D/R Working Directory/SCUC-Book---28-Years-of-Data/PLOTLY Plots 1 by 1.qmd,SCUC-Book---28-Years-of-Data/PLOTLY Plots 1 by 1.qmd,SCUC-Book---28-Years-of-Data,ambiguous,filename only,247,"#                                   ""SCUC_Snapshots_1995_to_2022_LONG_CANONICAL.csv"")"
/Users/D/R Working Directory/Master Data Bank/CANONICAL DATA SETS/SCUC Canonical Data Sets/SCUC_Snapshots_1995_to_2022_LONG_CANONICAL.csv,SCUC_Snapshots_1995_to_2022_LONG_CANONICAL.csv,Master Data Bank,06 canonical data set matches,SCUC_Snapshots_1995_to_2022_LONG_CANONICAL.csv,/Users/D/R Working Directory/SCUC-Book---28-Years-of-Data/PLOTLY Plots 1 by 1.qmd,SCUC-Book---28-Years-of-Data/PLOTLY Plots 1 by 1.qmd,SCUC-Book---28-Years-of-Data,ambiguous,filename only,427,"#                                   ""SCUC_Snapshots_1995_to_2022_LONG_CANONICAL.csv"")"
/Users/D/R Working Directory/Master Data Bank/CANONICAL DATA SETS/SCUC Canonical Data Sets/SCUC_Snapshots_1995_to_2022_LONG_CANONICAL.csv,SCUC_Snapshots_1995_to_2022_LONG_CANONICAL.csv,Master Data Bank,06 canonical data set matches,SCUC_Snapshots_1995_to_2022_LONG_CANONICAL.csv,/Users/D/R Working Directory/SCUC-Book---28-Years-of-Data/PLOTLY Plots 1 by 1.qmd,SCUC-Book---28-Years-of-Data/PLOTLY Plots 1 by 1.qmd,SCUC-Book---28-Years-of-Data,ambiguous,filename only,603,"#                                   ""SCUC_Snapshots_1995_to_2022_LONG_CANONICAL.csv"")"
/Users/D/R Working Directory/Master Data Bank/CANONICAL DATA SETS/SCUC Canonical Data Sets/SCUC_Snapshots_1995_to_2022_LONG_CANONICAL.csv,SCUC_Snapshots_1995_to_2022_LONG_CANONICAL.csv,Master Data Bank,06 canonical data set matches,SCUC_Snapshots_1995_to_2022_LONG_CANONICAL.csv,/Users/D/R Working Directory/SCUC-Book---28-Years-of-Data/PLOTLY Plots 1 by 1.qmd,SCUC-Book---28-Years-of-Data/PLOTLY Plots 1 by 1.qmd,SCUC-Book---28-Years-of-Data,ambiguous,filename only,787,"#                                   ""SCUC_Snapshots_1995_to_2022_LONG_CANONICAL.csv"")"
/Users/D/R Working Directory/Master Data Bank/CANONICAL DATA SETS/SCUC Canonical Data Sets/SCUC_Snapshots_1995_to_2022_LONG_CANONICAL.csv,SCUC_Snapshots_1995_to_2022_LONG_CANONICAL.csv,Master Data Bank,06 canonical data set matches,SCUC_Snapshots_1995_to_2022_LONG_CANONICAL.csv,/Users/D/R Working Directory/SCUC-Book---28-Years-of-Data/PLOTLY Plots 1 by 1.qmd,SCUC-Book---28-Years-of-Data/PLOTLY Plots 1 by 1.qmd,SCUC-Book---28-Years-of-Data,ambiguous,filename only,969,"#                                   ""SCUC_Snapshots_1995_to_2022_LONG_CANONICAL.csv"")"
/Users/D/R Working Directory/Master Data Bank/CANONICAL DATA SETS/SCUC Canonical Data Sets/SCUC_Snapshots_1995_to_2022_LONG_CANONICAL.csv,SCUC_Snapshots_1995_to_2022_LONG_CANONICAL.csv,Master Data Bank,06 canonical data set matches,SCUC_Snapshots_1995_to_2022_LONG_CANONICAL.csv,/Users/D/R Working Directory/SCUC-Book---28-Years-of-Data/PLOTLY Plots 1 by 1.qmd,SCUC-Book---28-Years-of-Data/PLOTLY Plots 1 by 1.qmd,SCUC-Book---28-Years-of-Data,ambiguous,filename only,1157,"#                                   ""SCUC_Snapshots_1995_to_2022_LONG_CANONICAL.csv"")"
/Users/D/R Working Directory/Master Data Bank/CANONICAL DATA SETS/SCUC Canonical Data Sets/SCUC_Snapshots_1995_to_2022_LONG_CANONICAL.csv,SCUC_Snapshots_1995_to_2022_LONG_CANONICAL.csv,Master Data Bank,06 canonical data set matches,SCUC_Snapshots_1995_to_2022_LONG_CANONICAL.csv,/Users/D/R Working Directory/SCUC-Book---28-Years-of-Data/PLOTLY Plots 1 by 1.qmd,SCUC-Book---28-Years-of-Data/PLOTLY Plots 1 by 1.qmd,SCUC-Book---28-Years-of-Data,ambiguous,filename only,1302,"#                                   ""SCUC_Snapshots_1995_to_2022_LONG_CANONICAL.csv"")"
/Users/D/R Working Directory/Master Data Bank/CANONICAL DATA SETS/SCUC Canonical Data Sets/SCUC_Snapshots_1995_to_2022_LONG_CANONICAL.csv,SCUC_Snapshots_1995_to_2022_LONG_CANONICAL.csv,Master Data Bank,06 canonical data set matches,SCUC_Snapshots_1995_to_2022_LONG_CANONICAL.csv,/Users/D/R Working Directory/SCUC-Book---28-Years-of-Data/PLOTLY Plots 1 by 1.qmd,SCUC-Book---28-Years-of-Data/PLOTLY Plots 1 by 1.qmd,SCUC-Book---28-Years-of-Data,ambiguous,filename only,1447,"#                                   ""SCUC_Snapshots_1995_to_2022_LONG_CANONICAL.csv"")"
/Users/D/R Working Directory/Master Data Bank/CANONICAL DATA SETS/SCUC Canonical Data Sets/SCUC_Snapshots_1995_to_2022_LONG_CANONICAL.csv,SCUC_Snapshots_1995_to_2022_LONG_CANONICAL.csv,Master Data Bank,06 canonical data set matches,SCUC_Snapshots_1995_to_2022_LONG_CANONICAL.csv,/Users/D/R Working Directory/SCUC-Book---28-Years-of-Data/PLOTLY Plots 1 by 1.qmd,SCUC-Book---28-Years-of-Data/PLOTLY Plots 1 by 1.qmd,SCUC-Book---28-Years-of-Data,ambiguous,filename only,1594,"#                                   ""SCUC_Snapshots_1995_to_2022_LONG_CANONICAL.csv"")"
/Users/D/R Working Directory/Master Data Bank/CANONICAL DATA SETS/SCUC Canonical Data Sets/SCUC_Snapshots_1995_to_2022_LONG_CANONICAL.csv,SCUC_Snapshots_1995_to_2022_LONG_CANONICAL.csv,Master Data Bank,06 canonical data set matches,SCUC_Snapshots_1995_to_2022_LONG_CANONICAL.csv,/Users/D/R Working Directory/SCUC-Book---28-Years-of-Data/PLOTLY Plots 1 by 1.qmd,SCUC-Book---28-Years-of-Data/PLOTLY Plots 1 by 1.qmd,SCUC-Book---28-Years-of-Data,ambiguous,filename only,1739,"#                                   ""SCUC_Snapshots_1995_to_2022_LONG_CANONICAL.csv"")"
/Users/D/R Working Directory/Master Data Bank/CANONICAL DATA SETS/SCUC Canonical Data Sets/SCUC_Snapshots_1995_to_2022_LONG_CANONICAL.csv,SCUC_Snapshots_1995_to_2022_LONG_CANONICAL.csv,Master Data Bank,06 canonical data set matches,SCUC_Snapshots_1995_to_2022_LONG_CANONICAL.csv,/Users/D/R Working Directory/SCUC-Book---28-Years-of-Data/PLOTLY Plots 1 by 1.qmd,SCUC-Book---28-Years-of-Data/PLOTLY Plots 1 by 1.qmd,SCUC-Book---28-Years-of-Data,ambiguous,filename only,1888,"#                                   ""SCUC_Snapshots_1995_to_2022_LONG_CANONICAL.csv"")"
/Users/D/R Working Directory/Master Data Bank/CANONICAL DATA SETS/SCUC Canonical Data Sets/SCUC_Snapshots_1995_to_2022_LONG_CANONICAL.csv,SCUC_Snapshots_1995_to_2022_LONG_CANONICAL.csv,Master Data Bank,06 canonical data set matches,SCUC_Snapshots_1995_to_2022_LONG_CANONICAL.csv,/Users/D/R Working Directory/SCUC-Book---28-Years-of-Data/PLOTLY Plots 1 by 1.qmd,SCUC-Book---28-Years-of-Data/PLOTLY Plots 1 by 1.qmd,SCUC-Book---28-Years-of-Data,ambiguous,filename only,2029,"# df2 <- read_csv(file = here::here(""data"", ""SCUC_Snapshots_1995_to_2022_LONG_CANONICAL.csv""), show_col_types = FALSE)"
/Users/D/R Working Directory/Master Data Bank/CANONICAL DATA SETS/SCUC Canonical Data Sets/SCUC_Snapshots_1995_to_2022_LONG_CANONICAL.csv,SCUC_Snapshots_1995_to_2022_LONG_CANONICAL.csv,Master Data Bank,06 canonical data set matches,SCUC_Snapshots_1995_to_2022_LONG_CANONICAL.csv,/Users/D/R Working Directory/SCUC-Book---28-Years-of-Data/Plotly Plots.qmd,SCUC-Book---28-Years-of-Data/Plotly Plots.qmd,SCUC-Book---28-Years-of-Data,ambiguous,filename only,47,"""SCUC_Snapshots_1995_to_2022_LONG_CANONICAL.csv"")"
/Users/D/R Working Directory/29-Years-of-Data-SCUC/data/TEST SCUC 2004 TEA TAKS Data Grades 3-11.csv,TEST SCUC 2004 TEA TAKS Data Grades 3-11.csv,29-Years-of-Data-SCUC,08 datasets prior to pre-canonical set matches,,/Users/D/R Working Directory/SCUC-Book---28-Years-of-Data/Plotly Plots.qmd,SCUC-Book---28-Years-of-Data/Plotly Plots.qmd,SCUC-Book---28-Years-of-Data,ambiguous,filename only,186,"""TEST SCUC 2004 TEA TAKS Data Grades 3-11.csv"")"
/Users/D/R Working Directory/SCUC Data Analysis/TEST-Plotting Data From TEA Reports/data/TEST SCUC 2004 TEA TAKS Data Grades 3-11.csv,TEST SCUC 2004 TEA TAKS Data Grades 3-11.csv,SCUC Data Analysis,08 datasets prior to pre-canonical set matches,,/Users/D/R Working Directory/SCUC-Book---28-Years-of-Data/Plotly Plots.qmd,SCUC-Book---28-Years-of-Data/Plotly Plots.qmd,SCUC-Book---28-Years-of-Data,ambiguous,filename only,186,"""TEST SCUC 2004 TEA TAKS Data Grades 3-11.csv"")"
/Users/D/R Working Directory/SCUC-Book---28-Years-of-Data/data/TEST SCUC 2004 TEA TAKS Data Grades 3-11.csv,TEST SCUC 2004 TEA TAKS Data Grades 3-11.csv,SCUC-Book---28-Years-of-Data,08 datasets prior to pre-canonical set matches,,/Users/D/R Working Directory/SCUC-Book---28-Years-of-Data/Plotly Plots.qmd,SCUC-Book---28-Years-of-Data/Plotly Plots.qmd,SCUC-Book---28-Years-of-Data,likely,filename only,186,"""TEST SCUC 2004 TEA TAKS Data Grades 3-11.csv"")"
/Users/D/R Working Directory/Master Data Bank/CANONICAL DATA SETS/SCUC Canonical Data Sets/SCUC_Snapshots_1995_to_2022_LONG_CANONICAL.csv,SCUC_Snapshots_1995_to_2022_LONG_CANONICAL.csv,Master Data Bank,06 canonical data set matches,SCUC_Snapshots_1995_to_2022_LONG_CANONICAL.csv,/Users/D/R Working Directory/SCUC-Book---28-Years-of-Data/SCUC Book - Racing Bar Chart.qmd,SCUC-Book---28-Years-of-Data/SCUC Book - Racing Bar Chart.qmd,SCUC-Book---28-Years-of-Data,ambiguous,filename only,180,"# snapshots <- read_csv(""data/SCUC_Snapshots_1995_to_2022_LONG_CANONICAL.csv"")"
/Users/D/R Working Directory/Master Data Bank/CANONICAL DATA SETS/SCUC Canonical Data Sets/SCUC_Snapshots_1995_to_2022_LONG_CANONICAL.csv,SCUC_Snapshots_1995_to_2022_LONG_CANONICAL.csv,Master Data Bank,06 canonical data set matches,SCUC_Snapshots_1995_to_2022_LONG_CANONICAL.csv,/Users/D/R Working Directory/SCUC-Book---28-Years-of-Data/SCUC Book - Racing Bar Chart.qmd,SCUC-Book---28-Years-of-Data/SCUC Book - Racing Bar Chart.qmd,SCUC-Book---28-Years-of-Data,ambiguous,filename only,331,"snapshots <- read_csv(""data/SCUC_Snapshots_1995_to_2022_LONG_CANONICAL.csv"")"
/Users/D/R Working Directory/Master Data Bank/CANONICAL DATA SETS/SCUC Canonical Data Sets/SCUC_Snapshots_1995_to_2022_LONG_CANONICAL.csv,SCUC_Snapshots_1995_to_2022_LONG_CANONICAL.csv,Master Data Bank,06 canonical data set matches,SCUC_Snapshots_1995_to_2022_LONG_CANONICAL.csv,/Users/D/R Working Directory/SCUC-Book---28-Years-of-Data/TEST Conversion to Interactive.qmd,SCUC-Book---28-Years-of-Data/TEST Conversion to Interactive.qmd,SCUC-Book---28-Years-of-Data,ambiguous,filename only,68,"df2 <- read_csv(file = here::here(""data"", ""SCUC_Snapshots_1995_to_2022_LONG_CANONICAL.csv""))"
/Users/D/R Working Directory/Master Data Bank/CANONICAL DATA SETS/SCUC Canonical Data Sets/SCUC_Snapshots_1995_to_2022_LONG_CANONICAL.csv,SCUC_Snapshots_1995_to_2022_LONG_CANONICAL.csv,Master Data Bank,06 canonical data set matches,SCUC_Snapshots_1995_to_2022_LONG_CANONICAL.csv,/Users/D/R Working Directory/SCUC-Book---28-Years-of-Data/TEST Conversion to Interactive.qmd,SCUC-Book---28-Years-of-Data/TEST Conversion to Interactive.qmd,SCUC-Book---28-Years-of-Data,ambiguous,filename only,241,"#                                   ""SCUC_Snapshots_1995_to_2022_LONG_CANONICAL.csv"""
/Users/D/R Working Directory/Master Data Bank/CANONICAL DATA SETS/SCUC Canonical Data Sets/SCUC_Snapshots_1995_to_2022_LONG_CANONICAL.csv,SCUC_Snapshots_1995_to_2022_LONG_CANONICAL.csv,Master Data Bank,06 canonical data set matches,SCUC_Snapshots_1995_to_2022_LONG_CANONICAL.csv,/Users/D/R Working Directory/SCUC-Book---28-Years-of-Data/district_perform.qmd,SCUC-Book---28-Years-of-Data/district_perform.qmd,SCUC-Book---28-Years-of-Data,ambiguous,filename only,84,"#                                   ""SCUC_Snapshots_1995_to_2022_LONG_CANONICAL.csv"")"
/Users/D/R Working Directory/Master Data Bank/CANONICAL DATA SETS/SCUC Canonical Data Sets/SCUC_Snapshots_1995_to_2022_LONG_CANONICAL.csv,SCUC_Snapshots_1995_to_2022_LONG_CANONICAL.csv,Master Data Bank,06 canonical data set matches,SCUC_Snapshots_1995_to_2022_LONG_CANONICAL.csv,/Users/D/R Working Directory/SCUC-Book---28-Years-of-Data/district_perform.qmd,SCUC-Book---28-Years-of-Data/district_perform.qmd,SCUC-Book---28-Years-of-Data,ambiguous,filename only,100,"# # write.csv(df2, file = here::here(""data"", ""SCUC_Snapshots_1995_to_2022_LONG_CANONICAL.csv""), row.names = FALSE)"
/Users/D/R Working Directory/Master Data Bank/CANONICAL DATA SETS/SCUC Canonical Data Sets/SCUC_Snapshots_1995_to_2022_LONG_CANONICAL.csv,SCUC_Snapshots_1995_to_2022_LONG_CANONICAL.csv,Master Data Bank,06 canonical data set matches,SCUC_Snapshots_1995_to_2022_LONG_CANONICAL.csv,/Users/D/R Working Directory/SCUC-Book---28-Years-of-Data/district_perform.qmd,SCUC-Book---28-Years-of-Data/district_perform.qmd,SCUC-Book---28-Years-of-Data,ambiguous,filename only,393,"#                                   ""SCUC_Snapshots_1995_to_2022_LONG_CANONICAL.csv"")"
/Users/D/R Working Directory/Master Data Bank/CANONICAL DATA SETS/SCUC Canonical Data Sets/SCUC_Snapshots_1995_to_2022_LONG_CANONICAL.csv,SCUC_Snapshots_1995_to_2022_LONG_CANONICAL.csv,Master Data Bank,06 canonical data set matches,SCUC_Snapshots_1995_to_2022_LONG_CANONICAL.csv,/Users/D/R Working Directory/SCUC-Book---28-Years-of-Data/expenses.qmd,SCUC-Book---28-Years-of-Data/expenses.qmd,SCUC-Book---28-Years-of-Data,ambiguous,filename only,76,"#                                   ""SCUC_Snapshots_1995_to_2022_LONG_CANONICAL.csv"")"
/Users/D/R Working Directory/Master Data Bank/CANONICAL DATA SETS/SCUC Canonical Data Sets/SCUC_Snapshots_1995_to_2022_LONG_CANONICAL.csv,SCUC_Snapshots_1995_to_2022_LONG_CANONICAL.csv,Master Data Bank,06 canonical data set matches,SCUC_Snapshots_1995_to_2022_LONG_CANONICAL.csv,/Users/D/R Working Directory/SCUC-Book---28-Years-of-Data/expenses.qmd,SCUC-Book---28-Years-of-Data/expenses.qmd,SCUC-Book---28-Years-of-Data,ambiguous,filename only,370,"#                                   ""SCUC_Snapshots_1995_to_2022_LONG_CANONICAL.csv"")"
/Users/D/R Working Directory/Master Data Bank/CANONICAL DATA SETS/SCUC Canonical Data Sets/SCUC_Snapshots_1995_to_2022_LONG_CANONICAL.csv,SCUC_Snapshots_1995_to_2022_LONG_CANONICAL.csv,Master Data Bank,06 canonical data set matches,SCUC_Snapshots_1995_to_2022_LONG_CANONICAL.csv,/Users/D/R Working Directory/SCUC-Book---28-Years-of-Data/sat_act.qmd,SCUC-Book---28-Years-of-Data/sat_act.qmd,SCUC-Book---28-Years-of-Data,ambiguous,filename only,69,"#                                   ""SCUC_Snapshots_1995_to_2022_LONG_CANONICAL.csv"")"
/Users/D/R Working Directory/Master Data Bank/CANONICAL DATA SETS/SCUC Canonical Data Sets/SCUC_Snapshots_1995_to_2022_LONG_CANONICAL.csv,SCUC_Snapshots_1995_to_2022_LONG_CANONICAL.csv,Master Data Bank,06 canonical data set matches,SCUC_Snapshots_1995_to_2022_LONG_CANONICAL.csv,/Users/D/R Working Directory/SCUC-Book---28-Years-of-Data/sat_act.qmd,SCUC-Book---28-Years-of-Data/sat_act.qmd,SCUC-Book---28-Years-of-Data,ambiguous,filename only,363,"#                                   ""SCUC_Snapshots_1995_to_2022_LONG_CANONICAL.csv"")"
/Users/D/R Working Directory/Master Data Bank/CANONICAL DATA SETS/SCUC Canonical Data Sets/SCUC_Snapshots_1995_to_2022_LONG_CANONICAL.csv,SCUC_Snapshots_1995_to_2022_LONG_CANONICAL.csv,Master Data Bank,06 canonical data set matches,SCUC_Snapshots_1995_to_2022_LONG_CANONICAL.csv,/Users/D/R Working Directory/SCUC-Book---28-Years-of-Data/staff.qmd,SCUC-Book---28-Years-of-Data/staff.qmd,SCUC-Book---28-Years-of-Data,ambiguous,filename only,77,"#                                   ""SCUC_Snapshots_1995_to_2022_LONG_CANONICAL.csv"")"
/Users/D/R Working Directory/Master Data Bank/CANONICAL DATA SETS/SCUC Canonical Data Sets/SCUC_Snapshots_1995_to_2022_LONG_CANONICAL.csv,SCUC_Snapshots_1995_to_2022_LONG_CANONICAL.csv,Master Data Bank,06 canonical data set matches,SCUC_Snapshots_1995_to_2022_LONG_CANONICAL.csv,/Users/D/R Working Directory/SCUC-Book---28-Years-of-Data/staff.qmd,SCUC-Book---28-Years-of-Data/staff.qmd,SCUC-Book---28-Years-of-Data,ambiguous,filename only,376,"#                                   ""SCUC_Snapshots_1995_to_2022_LONG_CANONICAL.csv"")"
/Users/D/R Working Directory/Master Data Bank/CANONICAL DATA SETS/SCUC Canonical Data Sets/SCUC_Snapshots_1995_to_2022_LONG_CANONICAL.csv,SCUC_Snapshots_1995_to_2022_LONG_CANONICAL.csv,Master Data Bank,06 canonical data set matches,SCUC_Snapshots_1995_to_2022_LONG_CANONICAL.csv,/Users/D/R Working Directory/SCUC-Book---28-Years-of-Data/student_demo.qmd,SCUC-Book---28-Years-of-Data/student_demo.qmd,SCUC-Book---28-Years-of-Data,ambiguous,filename only,49,"#                                    ""SCUC_Snapshots_1995_to_2022_LONG_CANONICAL.csv"")"
/Users/D/R Working Directory/Master Data Bank/CANONICAL DATA SETS/SCUC Canonical Data Sets/SCUC_Snapshots_1995_to_2022_LONG_CANONICAL.csv,SCUC_Snapshots_1995_to_2022_LONG_CANONICAL.csv,Master Data Bank,06 canonical data set matches,SCUC_Snapshots_1995_to_2022_LONG_CANONICAL.csv,/Users/D/R Working Directory/SCUC-Book---28-Years-of-Data/student_demo.qmd,SCUC-Book---28-Years-of-Data/student_demo.qmd,SCUC-Book---28-Years-of-Data,ambiguous,filename only,357,"# df2 <- read_csv(file = here::here(""data"", ""SCUC_Snapshots_1995_to_2022_LONG_CANONICAL.csv""))"
/Users/D/R Working Directory/Master Data Bank/CANONICAL DATA SETS/SCUC Canonical Data Sets/SCUC_Snapshots_1995_to_2022_LONG_CANONICAL.csv,SCUC_Snapshots_1995_to_2022_LONG_CANONICAL.csv,Master Data Bank,06 canonical data set matches,SCUC_Snapshots_1995_to_2022_LONG_CANONICAL.csv,/Users/D/R Working Directory/SCUC-Book---28-Years-of-Data/student_demo.qmd,SCUC-Book---28-Years-of-Data/student_demo.qmd,SCUC-Book---28-Years-of-Data,ambiguous,filename only,522,"# df2 <- read_csv(file = here::here(""data"", ""SCUC_Snapshots_1995_to_2022_LONG_CANONICAL.csv""))"
/Users/D/R Working Directory/Master Data Bank/CANONICAL DATA SETS/SCUC Canonical Data Sets/SCUC_Snapshots_1995_to_2022_LONG_CANONICAL.csv,SCUC_Snapshots_1995_to_2022_LONG_CANONICAL.csv,Master Data Bank,06 canonical data set matches,SCUC_Snapshots_1995_to_2022_LONG_CANONICAL.csv,/Users/D/R Working Directory/SCUC-Book---28-Years-of-Data/students2.qmd,SCUC-Book---28-Years-of-Data/students2.qmd,SCUC-Book---28-Years-of-Data,ambiguous,filename only,37,"""SCUC_Snapshots_1995_to_2022_LONG_CANONICAL.csv"")"
/Users/D/R Working Directory/Master Data Bank/CANONICAL DATA SETS/SCUC Canonical Data Sets/SCUC_Snapshots_1995_to_2022_LONG_CANONICAL.csv,SCUC_Snapshots_1995_to_2022_LONG_CANONICAL.csv,Master Data Bank,06 canonical data set matches,SCUC_Snapshots_1995_to_2022_LONG_CANONICAL.csv,/Users/D/R Working Directory/SCUC-Book---28-Years-of-Data/students2.qmd,SCUC-Book---28-Years-of-Data/students2.qmd,SCUC-Book---28-Years-of-Data,ambiguous,filename only,87,"#                                   ""SCUC_Snapshots_1995_to_2022_LONG_CANONICAL.csv"")"
/Users/D/R Working Directory/Master Data Bank/CANONICAL DATA SETS/SCUC Canonical Data Sets/SCUC_Snapshots_1995_to_2022_LONG_CANONICAL.csv,SCUC_Snapshots_1995_to_2022_LONG_CANONICAL.csv,Master Data Bank,06 canonical data set matches,SCUC_Snapshots_1995_to_2022_LONG_CANONICAL.csv,/Users/D/R Working Directory/SCUC-Book---28-Years-of-Data/taxes_and_revenues.qmd,SCUC-Book---28-Years-of-Data/taxes_and_revenues.qmd,SCUC-Book---28-Years-of-Data,ambiguous,filename only,77,"#                                   ""SCUC_Snapshots_1995_to_2022_LONG_CANONICAL.csv"")"
/Users/D/R Working Directory/Master Data Bank/CANONICAL DATA SETS/SCUC Canonical Data Sets/SCUC_Snapshots_1995_to_2022_LONG_CANONICAL.csv,SCUC_Snapshots_1995_to_2022_LONG_CANONICAL.csv,Master Data Bank,06 canonical data set matches,SCUC_Snapshots_1995_to_2022_LONG_CANONICAL.csv,/Users/D/R Working Directory/SCUC-Book---28-Years-of-Data/taxes_and_revenues.qmd,SCUC-Book---28-Years-of-Data/taxes_and_revenues.qmd,SCUC-Book---28-Years-of-Data,ambiguous,filename only,371,"#                                   ""SCUC_Snapshots_1995_to_2022_LONG_CANONICAL.csv"")"
/Users/D/R Working Directory/Master Data Bank/CANONICAL DATA SETS/SCUC Canonical Data Sets/SCUC_Snapshots_1995_to_2022_LONG_CANONICAL.csv,SCUC_Snapshots_1995_to_2022_LONG_CANONICAL.csv,Master Data Bank,06 canonical data set matches,SCUC_Snapshots_1995_to_2022_LONG_CANONICAL.csv,/Users/D/R Working Directory/SCUC-Book---28-Years-of-Data/teachers.qmd,SCUC-Book---28-Years-of-Data/teachers.qmd,SCUC-Book---28-Years-of-Data,ambiguous,filename only,77,"#                                   ""SCUC_Snapshots_1995_to_2022_LONG_CANONICAL.csv"")"
/Users/D/R Working Directory/Master Data Bank/CANONICAL DATA SETS/SCUC Canonical Data Sets/SCUC_Snapshots_1995_to_2022_LONG_CANONICAL.csv,SCUC_Snapshots_1995_to_2022_LONG_CANONICAL.csv,Master Data Bank,06 canonical data set matches,SCUC_Snapshots_1995_to_2022_LONG_CANONICAL.csv,/Users/D/R Working Directory/SCUC-Book---28-Years-of-Data/teachers.qmd,SCUC-Book---28-Years-of-Data/teachers.qmd,SCUC-Book---28-Years-of-Data,ambiguous,filename only,371,"#                                   ""SCUC_Snapshots_1995_to_2022_LONG_CANONICAL.csv"")"
/Users/D/R Working Directory/Master Data Bank/CANONICAL DATA SETS/SCUC Canonical Data Sets/SCUC_Snapshots_1995_to_2022_LONG_CANONICAL.csv,SCUC_Snapshots_1995_to_2022_LONG_CANONICAL.csv,Master Data Bank,06 canonical data set matches,SCUC_Snapshots_1995_to_2022_LONG_CANONICAL.csv,/Users/D/R Working Directory/SCUC-Book---28-Years-of-Data/vg STAAR Scores by Ethnic Classification - All Grades - Masters.qmd,SCUC-Book---28-Years-of-Data/vg STAAR Scores by Ethnic Classification - All Grades - Masters.qmd,SCUC-Book---28-Years-of-Data,ambiguous,filename only,85,"""SCUC_Snapshots_1995_to_2022_LONG_CANONICAL.csv"""
/Users/D/R Working Directory/Master Data Bank/CANONICAL DATA SETS/SCUC Canonical Data Sets/SCUC_Snapshots_1995_to_2022_LONG_CANONICAL.csv,SCUC_Snapshots_1995_to_2022_LONG_CANONICAL.csv,Master Data Bank,06 canonical data set matches,SCUC_Snapshots_1995_to_2022_LONG_CANONICAL.csv,/Users/D/R Working Directory/SCUC-Book---28-Years-of-Data/vg STAAR Scores by Ethnic Classification - All Grades - Masters.qmd,SCUC-Book---28-Years-of-Data/vg STAAR Scores by Ethnic Classification - All Grades - Masters.qmd,SCUC-Book---28-Years-of-Data,ambiguous,filename only,360,"#                                   ""SCUC_Snapshots_1995_to_2022_LONG_CANONICAL.csv"""
