source_relative_path,source_sheet,rows,columns,normalized_columns,read_error
29-Years-of-Data-SCUC/data/20250318 staar_performance_district_level_grades_3_to_8_2018_2024_merged_cleaned_long.csv,data,10368,8,grade_level_code;grade_level_name;group;group_display;staar_grouping;subject;value;year,
29-Years-of-Data-SCUC/data/20250323 cleaned_SCUC_Teacher-Student Relationships Surveys-WIDE.csv,data,17,5,level;percent_favorable;sense_of_belonging;survey_period;x,
29-Years-of-Data-SCUC/data/20250323 cleaned_SCUC_Teacher-Student Relationships Surveys-WIDE.xlsx,cleaned_SCUC_Teacher-Student Re,17,5,level;percent_favorable;sense_of_belonging;survey_period;x,
29-Years-of-Data-SCUC/data/20250324 cleaned_SCUC_Teacher-Student Relationships Surveys-LONG.csv,data,34,5,level;survey_period;survey_type;value;x,
29-Years-of-Data-SCUC/data/gdp_tidy.csv,data,2387,4,country_code;country_name;value;year,
Data Analysis - SCUC Flexdashboard/data/2024-25 Weekly Atten Percentage-WIDE.csv,data,37,19,;als_elc;b_steele;cibolo_valley;clemens;corbett;district_total;dobie;green_valley;jordan;paschal;rose_garden;schertz;schlather;sippel;watts;week_ended;wieder_stein;wilder,
Data Analysis - SCUC Flexdashboard/data/2024-25_weekly_attendance-LONG.csv,data,592,4,campus;metric;pct;week,
Data Analysis - SCUC Flexdashboard/data/20250318 staar_performance_district_level_grades_3_to_8_2018_2024_merged_cleaned_long.csv,data,10368,8,grade_level_code;grade_level_name;group;group_display;staar_grouping;subject;value;year,
Data Analysis - SCUC Flexdashboard/data/20250323 cleaned_SCUC_Teacher-Student Relationships Surveys-WIDE.csv,data,17,5,level;percent_favorable;sense_of_belonging;survey_period;x,
Data Analysis - SCUC Flexdashboard/data/20250323 cleaned_SCUC_Teacher-Student Relationships Surveys-WIDE.xlsx,cleaned_SCUC_Teacher-Student Re,17,5,level;percent_favorable;sense_of_belonging;survey_period;x,
Data Analysis - SCUC Flexdashboard/data/20250324 cleaned_SCUC_Teacher-Student Relationships Surveys-LONG.csv,data,34,5,level;survey_period;survey_type;value;x,
Master Data Bank/LONG data/20250324 cleaned_SCUC_Teacher-Student Relationships Surveys-LONG.csv,data,34,5,level;survey_period;survey_type;value;x,
Master Data Bank/WIDE data/20250323 cleaned_SCUC_Teacher-Student Relationships Surveys-WIDE.csv,data,17,5,level;percent_favorable;sense_of_belonging;survey_period;x,
Master Data Bank/WIDE data/20250323 cleaned_SCUC_Teacher-Student Relationships Surveys-WIDE.xlsx,cleaned_SCUC_Teacher-Student Re,17,5,level;percent_favorable;sense_of_belonging;survey_period;x,
Master Data Cleaning Station/scuc data cleaned/2024-25_weekly_attendance-LONG.csv,data,629,4,campus;metric;pct;week_ended,
Master Data Cleaning Station/scuc data cleaned/20250318 staar_performance_district_level_grades_3_to_8_2018_2024_merged_cleaned_long.csv,data,10368,8,grade_level_code;grade_level_name;group;group_display;staar_grouping;subject;value;year,
Master Data Cleaning Station/scuc data cleaned/20250323 cleaned_SCUC_Teacher-Student Relationships Surveys-WIDE.csv,data,17,5,level;percent_favorable;sense_of_belonging;survey_period;x,
Master Data Cleaning Station/scuc data cleaned/20250323 cleaned_SCUC_Teacher-Student Relationships Surveys-WIDE.xlsx,cleaned_SCUC_Teacher-Student Re,17,5,level;percent_favorable;sense_of_belonging;survey_period;x,
Master Data Cleaning Station/scuc data cleaned/20250324 cleaned_SCUC_Teacher-Student Relationships Surveys-LONG.csv,data,34,5,level;survey_period;survey_type;value;x,
Master Data Cleaning Station/scuc data cleaned/20250324 survey_data_export-LONG.csv,data,34,5,level;survey_period;survey_type;value;x,
SCUC Data Analysis/data/2021-22 TAPR Advanced Data Download.csv,data,1207,1514,dd003am0e022d;dd003am0e222n;dd003am0e222r;dd003ar0e022d;dd003ar0e222n;dd003ar0e222r;dd003armd022d;dd003armd222n;dd003armd222r;dd003arme022d;dd003arme222n;dd003arme222r;dd004am0e022d;dd004am0e222n;dd004am0e222r;dd004ar0e022d;dd004ar0e222n;dd004ar0e222r;dd004armd022d;dd004armd222n;dd004armd222r;dd004arme022d;dd004arme222n;dd004arme222r;dd005am0e022d;dd005am0e222n;dd005am0e222r;dd005ar0e022d;dd005ar0e222n;dd005ar0e222r;dd005armd022d;dd005armd222n;dd005armd222r;dd005arme022d;dd005arme222n;dd005arme222r;dd006am0e022d;dd006am0e222n;dd006am0e222r;dd006ar0e022d;dd006ar0e222n;dd006ar0e222r;dd006armd022d;dd006armd222n;dd006armd222r;dd006arme022d;dd006arme222n;dd006arme222r;dd007am0e022d;dd007am0e222n;dd007am0e222r;dd007ar0e022d;dd007ar0e222n;dd007ar0e222r;dd007armd022d;dd007armd222n;dd007armd222r;dd007arme022d;dd007arme222n;dd007arme222r;dd008am0e022d;dd008am0e222n;dd008am0e222r;dd008ar0e022d;dd008ar0e222n;dd008ar0e222r;dd008armd022d;dd008armd222n;dd008armd222r;dd008arme022d;dd008arme222n;dd008arme222r;dd038am0e022d;dd038am0e222n;dd038am0e222r;dd038ar0e022d;dd038ar0e222n;dd038ar0e222r;dd038armd022d;dd038armd222n;dd038armd222r;dd038arme022d;dd038arme222n;dd038arme222r;dd203am0e022d;dd203am0e222n;dd203am0e222r;dd203ar0e022d;dd203ar0e222n;dd203ar0e222r;dd203armd022d;dd203armd222n;dd203armd222r;dd203arme022d;dd203arme222n;dd203arme222r;dd204am0e022d;dd204am0e222n;dd204am0e222r;dd204ar0e022d;dd204ar0e222n;dd204ar0e222r;dd204armd022d;dd204armd222n;dd204armd222r;dd204arme022d;dd204arme222n;dd204arme222r;dd205am0e022d;dd205am0e222n;dd205am0e222r;dd205ar0e022d;dd205ar0e222n;dd205ar0e222r;dd205armd022d;dd205armd222n;dd205armd222r;dd205arme022d;dd205arme222n;dd205arme222r;dd206am0e022d;dd206am0e222n;dd206am0e222r;dd206ar0e022d;dd206ar0e222n;dd206ar0e222r;dd206armd022d;dd206armd222n;dd206armd222r;dd206arme022d;dd206arme222n;dd206arme222r;dd207am0e022d;dd207am0e222n;dd207am0e222r;dd207ar0e022d;dd207ar0e222n;dd207ar0e222r;dd207armd022d;dd207armd222n;dd207armd222r;dd207arme022d;dd207arme222n;dd207arme222r;dd208am0e022d;dd208am0e222n;dd208am0e222r;dd208ar0e022d;dd208ar0e222n;dd208ar0e222r;dd208armd022d;dd208armd222n;dd208armd222r;dd208arme022d;dd208arme222n;dd208arme222r;dd238am0e022d;dd238am0e222n;dd238am0e222r;dd238ar0e022d;dd238ar0e222n;dd238ar0e222r;dd238armd022d;dd238armd222n;dd238armd222r;dd238arme022d;dd238arme222n;dd238arme222r;dd303am0e022d;dd303am0e222n;dd303am0e222r;dd303ar0e022d;dd303ar0e222n;dd303ar0e222r;dd303armd022d;dd303armd222n;dd303armd222r;dd303arme022d;dd303arme222n;dd303arme222r;dd304am0e022d;dd304am0e222n;dd304am0e222r;dd304ar0e022d;dd304ar0e222n;dd304ar0e222r;dd304armd022d;dd304armd222n;dd304armd222r;dd304arme022d;dd304arme222n;dd304arme222r;dd305am0e022d;dd305am0e222n;dd305am0e222r;dd305ar0e022d;dd305ar0e222n;dd305ar0e222r;dd305armd022d;dd305armd222n;dd305armd222r;dd305arme022d;dd305arme222n;dd305arme222r;dd306am0e022d;dd306am0e222n;dd306am0e222r;dd306ar0e022d;dd306ar0e222n;dd306ar0e222r;dd306armd022d;dd306armd222n;dd306armd222r;dd306arme022d;dd306arme222n;dd306arme222r;dd307am0e022d;dd307am0e222n;dd307am0e222r;dd307ar0e022d;dd307ar0e222n;dd307ar0e222r;dd307armd022d;dd307armd222n;dd307armd222r;dd307arme022d;dd307arme222n;dd307arme222r;dd308am0e022d;dd308am0e222n;dd308am0e222r;dd308ar0e022d;dd308ar0e222n;dd308ar0e222r;dd308armd022d;dd308armd222n;dd308armd222r;dd308arme022d;dd308arme222n;dd308arme222r;dd338am0e022d;dd338am0e222n;dd338am0e222r;dd338ar0e022d;dd338ar0e222n;dd338ar0e222r;dd338armd022d;dd338armd222n;dd338armd222r;dd338arme022d;dd338arme222n;dd338arme222r;dd403am0e022d;dd403am0e222n;dd403am0e222r;dd403ar0e022d;dd403ar0e222n;dd403ar0e222r;dd403armd022d;dd403armd222n;dd403armd222r;dd403arme022d;dd403arme222n;dd403arme222r;dd404am0e022d;dd404am0e222n;dd404am0e222r;dd404ar0e022d;dd404ar0e222n;dd404ar0e222r;dd404armd022d;dd404armd222n;dd404armd222r;dd404arme022d;dd404arme222n;dd404arme222r;dd405am0e022d;dd405am0e222n;dd405am0e222r;dd405ar0e022d;dd405ar0e222n;dd405ar0e222r;dd405armd022d;dd405armd222n;dd405armd222r;dd405arme022d;dd405arme222n;dd405arme222r;dd406am0e022d;dd406am0e222n;dd406am0e222r;dd406ar0e022d;dd406ar0e222n;dd406ar0e222r;dd406armd022d;dd406armd222n;dd406armd222r;dd406arme022d;dd406arme222n;dd406arme222r;dd407am0e022d;dd407am0e222n;dd407am0e222r;dd407ar0e022d;dd407ar0e222n;dd407ar0e222r;dd407armd022d;dd407armd222n;dd407armd222r;dd407arme022d;dd407arme222n;dd407arme222r;dd408am0e022d;dd408am0e222n;dd408am0e222r;dd408ar0e022d;dd408ar0e222n;dd408ar0e222r;dd408armd022d;dd408armd222n;dd408armd222r;dd408arme022d;dd408arme222n;dd408arme222r;dd438am0e022d;dd438am0e222n;dd438am0e222r;dd438ar0e022d;dd438ar0e222n;dd438ar0e222r;dd438armd022d;dd438armd222n;dd438armd222r;dd438arme022d;dd438arme222n;dd438arme222r;dda03am0e022d;dda03am0e222n;dda03am0e222r;dda03ar0e022d;dda03ar0e222n;dda03ar0e222r;dda03armd022d;dda03armd222n;dda03armd222r;dda03arme022d;dda03arme222n;dda03arme222r;dda04am0e022d;dda04am0e222n;dda04am0e222r;dda04ar0e022d;dda04ar0e222n;dda04ar0e222r;dda04armd022d;dda04armd222n;dda04armd222r;dda04arme022d;dda04arme222n;dda04arme222r;dda05am0e022d;dda05am0e222n;dda05am0e222r;dda05ar0e022d;dda05ar0e222n;dda05ar0e222r;dda05armd022d;dda05armd222n;dda05armd222r;dda05arme022d;dda05arme222n;dda05arme222r;dda06am0e022d;dda06am0e222n;dda06am0e222r;dda06ar0e022d;dda06ar0e222n;dda06ar0e222r;dda06armd022d;dda06armd222n;dda06armd222r;dda06arme022d;dda06arme222n;dda06arme222r;dda07am0e022d;dda07am0e222n;dda07am0e222r;dda07ar0e022d;dda07ar0e222n;dda07ar0e222r;dda07armd022d;dda07armd222n;dda07armd222r;dda07arme022d;dda07arme222n;dda07arme222r;dda08am0e022d;dda08am0e222n;dda08am0e222r;dda08ar0e022d;dda08ar0e222n;dda08ar0e222r;dda08armd022d;dda08armd222n;dda08armd222r;dda08arme022d;dda08arme222n;dda08arme222r;dda38am0e022d;dda38am0e222n;dda38am0e222r;dda38ar0e022d;dda38ar0e222n;dda38ar0e222r;dda38armd022d;dda38armd222n;dda38armd222r;dda38arme022d;dda38arme222n;dda38arme222r;ddb03am0e022d;ddb03am0e222n;ddb03am0e222r;ddb03ar0e022d;ddb03ar0e222n;ddb03ar0e222r;ddb03armd022d;ddb03armd222n;ddb03armd222r;ddb03arme022d;ddb03arme222n;ddb03arme222r;ddb04am0e022d;ddb04am0e222n;ddb04am0e222r;ddb04ar0e022d;ddb04ar0e222n;ddb04ar0e222r;ddb04armd022d;ddb04armd222n;ddb04armd222r;ddb04arme022d;ddb04arme222n;ddb04arme222r;ddb05am0e022d;ddb05am0e222n;ddb05am0e222r;ddb05ar0e022d;ddb05ar0e222n;ddb05ar0e222r;ddb05armd022d;ddb05armd222n;ddb05armd222r;ddb05arme022d;ddb05arme222n;ddb05arme222r;ddb06am0e022d;ddb06am0e222n;ddb06am0e222r;ddb06ar0e022d;ddb06ar0e222n;ddb06ar0e222r;ddb06armd022d;ddb06armd222n;ddb06armd222r;ddb06arme022d;ddb06arme222n;ddb06arme222r;ddb07am0e022d;ddb07am0e222n;ddb07am0e222r;ddb07ar0e022d;ddb07ar0e222n;ddb07ar0e222r;ddb07armd022d;ddb07armd222n;ddb07armd222r;ddb07arme022d;ddb07arme222n;ddb07arme222r;ddb08am0e022d;ddb08am0e222n;ddb08am0e222r;ddb08ar0e022d;ddb08ar0e222n;ddb08ar0e222r;ddb08armd022d;ddb08armd222n;ddb08armd222r;ddb08arme022d;ddb08arme222n;ddb08arme222r;ddb38am0e022d;ddb38am0e222n;ddb38am0e222r;ddb38ar0e022d;ddb38ar0e222n;ddb38ar0e222r;ddb38armd022d;ddb38armd222n;ddb38armd222r;ddb38arme022d;ddb38arme222n;ddb38arme222r;dde03am0e022d;dde03am0e222n;dde03am0e222r;dde03ar0e022d;dde03ar0e222n;dde03ar0e222r;dde03armd022d;dde03armd222n;dde03armd222r;dde03arme022d;dde03arme222n;dde03arme222r;dde04am0e022d;dde04am0e222n;dde04am0e222r;dde04ar0e022d;dde04ar0e222n;dde04ar0e222r;dde04armd022d;dde04armd222n;dde04armd222r;dde04arme022d;dde04arme222n;dde04arme222r;dde05am0e022d;dde05am0e222n;dde05am0e222r;dde05ar0e022d;dde05ar0e222n;dde05ar0e222r;dde05armd022d;dde05armd222n;dde05armd222r;dde05arme022d;dde05arme222n;dde05arme222r;dde06am0e022d;dde06am0e222n;dde06am0e222r;dde06ar0e022d;dde06ar0e222n;dde06ar0e222r;dde06armd022d;dde06armd222n;dde06armd222r;dde06arme022d;dde06arme222n;dde06arme222r;dde07am0e022d;dde07am0e222n;dde07am0e222r;dde07ar0e022d;dde07ar0e222n;dde07ar0e222r;dde07armd022d;dde07armd222n;dde07armd222r;dde07arme022d;dde07arme222n;dde07arme222r;dde08am0e022d;dde08am0e222n;dde08am0e222r;dde08ar0e022d;dde08ar0e222n;dde08ar0e222r;dde08armd022d;dde08armd222n;dde08armd222r;dde08arme022d;dde08arme222n;dde08arme222r;dde38am0e022d;dde38am0e222n;dde38am0e222r;dde38ar0e022d;dde38ar0e222n;dde38ar0e222r;dde38armd022d;dde38armd222n;dde38armd222r;dde38arme022d;dde38arme222n;dde38arme222r;ddf03am0e022d;ddf03am0e222n;ddf03am0e222r;ddf03ar0e022d;ddf03ar0e222n;ddf03ar0e222r;ddf03armd022d;ddf03armd222n;ddf03armd222r;ddf03arme022d;ddf03arme222n;ddf03arme222r;ddf04am0e022d;ddf04am0e222n;ddf04am0e222r;ddf04ar0e022d;ddf04ar0e222n;ddf04ar0e222r;ddf04armd022d;ddf04armd222n;ddf04armd222r;ddf04arme022d;ddf04arme222n;ddf04arme222r;ddf05am0e022d;ddf05am0e222n;ddf05am0e222r;ddf05ar0e022d;ddf05ar0e222n;ddf05ar0e222r;ddf05armd022d;ddf05armd222n;ddf05armd222r;ddf05arme022d;ddf05arme222n;ddf05arme222r;ddf06am0e022d;ddf06am0e222n;ddf06am0e222r;ddf06ar0e022d;ddf06ar0e222n;ddf06ar0e222r;ddf06armd022d;ddf06armd222n;ddf06armd222r;ddf06arme022d;ddf06arme222n;ddf06arme222r;ddf07am0e022d;ddf07am0e222n;ddf07am0e222r;ddf07ar0e022d;ddf07ar0e222n;ddf07ar0e222r;ddf07armd022d;ddf07armd222n;ddf07armd222r;ddf07arme022d;ddf07arme222n;ddf07arme222r;ddf08am0e022d;ddf08am0e222n;ddf08am0e222r;ddf08ar0e022d;ddf08ar0e222n;ddf08ar0e222r;ddf08armd022d;ddf08armd222n;ddf08armd222r;ddf08arme022d;ddf08arme222n;ddf08arme222r;ddf38am0e022d;ddf38am0e222n;ddf38am0e222r;ddf38ar0e022d;ddf38ar0e222n;ddf38ar0e222r;ddf38armd022d;ddf38armd222n;ddf38armd222r;ddf38arme022d;ddf38arme222n;ddf38arme222r;ddh03am0e022d;ddh03am0e222n;ddh03am0e222r;ddh03ar0e022d;ddh03ar0e222n;ddh03ar0e222r;ddh03armd022d;ddh03armd222n;ddh03armd222r;ddh03arme022d;ddh03arme222n;ddh03arme222r;ddh04am0e022d;ddh04am0e222n;ddh04am0e222r;ddh04ar0e022d;ddh04ar0e222n;ddh04ar0e222r;ddh04armd022d;ddh04armd222n;ddh04armd222r;ddh04arme022d;ddh04arme222n;ddh04arme222r;ddh05am0e022d;ddh05am0e222n;ddh05am0e222r;ddh05ar0e022d;ddh05ar0e222n;ddh05ar0e222r;ddh05armd022d;ddh05armd222n;ddh05armd222r;ddh05arme022d;ddh05arme222n;ddh05arme222r;ddh06am0e022d;ddh06am0e222n;ddh06am0e222r;ddh06ar0e022d;ddh06ar0e222n;ddh06ar0e222r;ddh06armd022d;ddh06armd222n;ddh06armd222r;ddh06arme022d;ddh06arme222n;ddh06arme222r;ddh07am0e022d;ddh07am0e222n;ddh07am0e222r;ddh07ar0e022d;ddh07ar0e222n;ddh07ar0e222r;ddh07armd022d;ddh07armd222n;ddh07armd222r;ddh07arme022d;ddh07arme222n;ddh07arme222r;ddh08am0e022d;ddh08am0e222n;ddh08am0e222r;ddh08ar0e022d;ddh08ar0e222n;ddh08ar0e222r;ddh08armd022d;ddh08armd222n;ddh08armd222r;ddh08arme022d;ddh08arme222n;ddh08arme222r;ddh38am0e022d;ddh38am0e222n;ddh38am0e222r;ddh38ar0e022d;ddh38ar0e222n;ddh38ar0e222r;ddh38armd022d;ddh38armd222n;ddh38armd222r;ddh38arme022d;ddh38arme222n;ddh38arme222r;ddi03am0e022d;ddi03am0e222n;ddi03am0e222r;ddi03ar0e022d;ddi03ar0e222n;ddi03ar0e222r;ddi03armd022d;ddi03armd222n;ddi03armd222r;ddi03arme022d;ddi03arme222n;ddi03arme222r;ddi04am0e022d;ddi04am0e222n;ddi04am0e222r;ddi04ar0e022d;ddi04ar0e222n;ddi04ar0e222r;ddi04armd022d;ddi04armd222n;ddi04armd222r;ddi04arme022d;ddi04arme222n;ddi04arme222r;ddi05am0e022d;ddi05am0e222n;ddi05am0e222r;ddi05ar0e022d;ddi05ar0e222n;ddi05ar0e222r;ddi05armd022d;ddi05armd222n;ddi05armd222r;ddi05arme022d;ddi05arme222n;ddi05arme222r;ddi06am0e022d;ddi06am0e222n;ddi06am0e222r;ddi06ar0e022d;ddi06ar0e222n;ddi06ar0e222r;ddi06armd022d;ddi06armd222n;ddi06armd222r;ddi06arme022d;ddi06arme222n;ddi06arme222r;ddi07am0e022d;ddi07am0e222n;ddi07am0e222r;ddi07ar0e022d;ddi07ar0e222n;ddi07ar0e222r;ddi07armd022d;ddi07armd222n;ddi07armd222r;ddi07arme022d;ddi07arme222n;ddi07arme222r;ddi08am0e022d;ddi08am0e222n;ddi08am0e222r;ddi08ar0e022d;ddi08ar0e222n;ddi08ar0e222r;ddi08armd022d;ddi08armd222n;ddi08armd222r;ddi08arme022d;ddi08arme222n;ddi08arme222r;ddi38am0e022d;ddi38am0e222n;ddi38am0e222r;ddi38ar0e022d;ddi38ar0e222n;ddi38ar0e222r;ddi38armd022d;ddi38armd222n;ddi38armd222r;ddi38arme022d;ddi38arme222n;ddi38arme222r;ddl03am0e022d;ddl03am0e222n;ddl03am0e222r;ddl03ar0e022d;ddl03ar0e222n;ddl03ar0e222r;ddl03armd022d;ddl03armd222n;ddl03armd222r;ddl03arme022d;ddl03arme222n;ddl03arme222r;ddl04am0e022d;ddl04am0e222n;ddl04am0e222r;ddl04ar0e022d;ddl04ar0e222n;ddl04ar0e222r;ddl04armd022d;ddl04armd222n;ddl04armd222r;ddl04arme022d;ddl04arme222n;ddl04arme222r;ddl05am0e022d;ddl05am0e222n;ddl05am0e222r;ddl05ar0e022d;ddl05ar0e222n;ddl05ar0e222r;ddl05armd022d;ddl05armd222n;ddl05armd222r;ddl05arme022d;ddl05arme222n;ddl05arme222r;ddl06am0e022d;ddl06am0e222n;ddl06am0e222r;ddl06ar0e022d;ddl06ar0e222n;ddl06ar0e222r;ddl06armd022d;ddl06armd222n;ddl06armd222r;ddl06arme022d;ddl06arme222n;ddl06arme222r;ddl07am0e022d;ddl07am0e222n;ddl07am0e222r;ddl07ar0e022d;ddl07ar0e222n;ddl07ar0e222r;ddl07armd022d;ddl07armd222n;ddl07armd222r;ddl07arme022d;ddl07arme222n;ddl07arme222r;ddl08am0e022d;ddl08am0e222n;ddl08am0e222r;ddl08ar0e022d;ddl08ar0e222n;ddl08ar0e222r;ddl08armd022d;ddl08armd222n;ddl08armd222r;ddl08arme022d;ddl08arme222n;ddl08arme222r;ddl38am0e022d;ddl38am0e222n;ddl38am0e222r;ddl38ar0e022d;ddl38ar0e222n;ddl38ar0e222r;ddl38armd022d;ddl38armd222n;ddl38armd222r;ddl38arme022d;ddl38arme222n;ddl38arme222r;ddm03am0e022d;ddm03am0e222n;ddm03am0e222r;ddm03ar0e022d;ddm03ar0e222n;ddm03ar0e222r;ddm03armd022d;ddm03armd222n;ddm03armd222r;ddm03arme022d;ddm03arme222n;ddm03arme222r;ddm04am0e022d;ddm04am0e222n;ddm04am0e222r;ddm04ar0e022d;ddm04ar0e222n;ddm04ar0e222r;ddm04armd022d;ddm04armd222n;ddm04armd222r;ddm04arme022d;ddm04arme222n;ddm04arme222r;ddm05am0e022d;ddm05am0e222n;ddm05am0e222r;ddm05ar0e022d;ddm05ar0e222n;ddm05ar0e222r;ddm05armd022d;ddm05armd222n;ddm05armd222r;ddm05arme022d;ddm05arme222n;ddm05arme222r;ddm06am0e022d;ddm06am0e222n;ddm06am0e222r;ddm06ar0e022d;ddm06ar0e222n;ddm06ar0e222r;ddm06armd022d;ddm06armd222n;ddm06armd222r;ddm06arme022d;ddm06arme222n;ddm06arme222r;ddm07am0e022d;ddm07am0e222n;ddm07am0e222r;ddm07ar0e022d;ddm07ar0e222n;ddm07ar0e222r;ddm07armd022d;ddm07armd222n;ddm07armd222r;ddm07arme022d;ddm07arme222n;ddm07arme222r;ddm08am0e022d;ddm08am0e222n;ddm08am0e222r;ddm08ar0e022d;ddm08ar0e222n;ddm08ar0e222r;ddm08armd022d;ddm08armd222n;ddm08armd222r;ddm08arme022d;ddm08arme222n;ddm08arme222r;ddm38am0e022d;ddm38am0e222n;ddm38am0e222r;ddm38ar0e022d;ddm38ar0e222n;ddm38ar0e222r;ddm38armd022d;ddm38armd222n;ddm38armd222r;ddm38arme022d;ddm38arme222n;ddm38arme222r;ddr03am0e022d;ddr03am0e222n;ddr03am0e222r;ddr03ar0e022d;ddr03ar0e222n;ddr03ar0e222r;ddr03armd022d;ddr03armd222n;ddr03armd222r;ddr03arme022d;ddr03arme222n;ddr03arme222r;ddr04am0e022d;ddr04am0e222n;ddr04am0e222r;ddr04ar0e022d;ddr04ar0e222n;ddr04ar0e222r;ddr04armd022d;ddr04armd222n;ddr04armd222r;ddr04arme022d;ddr04arme222n;ddr04arme222r;ddr05am0e022d;ddr05am0e222n;ddr05am0e222r;ddr05ar0e022d;ddr05ar0e222n;ddr05ar0e222r;ddr05armd022d;ddr05armd222n;ddr05armd222r;ddr05arme022d;ddr05arme222n;ddr05arme222r;ddr06am0e022d;ddr06am0e222n;ddr06am0e222r;ddr06ar0e022d;ddr06ar0e222n;ddr06ar0e222r;ddr06armd022d;ddr06armd222n;ddr06armd222r;ddr06arme022d;ddr06arme222n;ddr06arme222r;ddr07am0e022d;ddr07am0e222n;ddr07am0e222r;ddr07ar0e022d;ddr07ar0e222n;ddr07ar0e222r;ddr07armd022d;ddr07armd222n;ddr07armd222r;ddr07arme022d;ddr07arme222n;ddr07arme222r;ddr08am0e022d;ddr08am0e222n;ddr08am0e222r;ddr08ar0e022d;ddr08ar0e222n;ddr08ar0e222r;ddr08armd022d;ddr08armd222n;ddr08armd222r;ddr08arme022d;ddr08arme222n;ddr08arme222r;ddr38am0e022d;ddr38am0e222n;ddr38am0e222r;ddr38ar0e022d;ddr38ar0e222n;ddr38ar0e222r;ddr38armd022d;ddr38armd222n;ddr38armd222r;ddr38arme022d;ddr38arme222n;ddr38arme222r;dds03am0e022d;dds03am0e222n;dds03am0e222r;dds03ar0e022d;dds03ar0e222n;dds03ar0e222r;dds03armd022d;dds03armd222n;dds03armd222r;dds03arme022d;dds03arme222n;dds03arme222r;dds04am0e022d;dds04am0e222n;dds04am0e222r;dds04ar0e022d;dds04ar0e222n;dds04ar0e222r;dds04armd022d;dds04armd222n;dds04armd222r;dds04arme022d;dds04arme222n;dds04arme222r;dds05am0e022d;dds05am0e222n;dds05am0e222r;dds05ar0e022d;dds05ar0e222n;dds05ar0e222r;dds05armd022d;dds05armd222n;dds05armd222r;dds05arme022d;dds05arme222n;dds05arme222r;dds06am0e022d;dds06am0e222n;dds06am0e222r;dds06ar0e022d;dds06ar0e222n;dds06ar0e222r;dds06armd022d;dds06armd222n;dds06armd222r;dds06arme022d;dds06arme222n;dds06arme222r;dds07am0e022d;dds07am0e222n;dds07am0e222r;dds07ar0e022d;dds07ar0e222n;dds07ar0e222r;dds07armd022d;dds07armd222n;dds07armd222r;dds07arme022d;dds07arme222n;dds07arme222r;dds08am0e022d;dds08am0e222n;dds08am0e222r;dds08ar0e022d;dds08ar0e222n;dds08ar0e222r;dds08armd022d;dds08armd222n;dds08armd222r;dds08arme022d;dds08arme222n;dds08arme222r;dds38am0e022d;dds38am0e222n;dds38am0e222r;dds38ar0e022d;dds38ar0e222n;dds38ar0e222r;dds38armd022d;dds38armd222n;dds38armd222r;dds38arme022d;dds38arme222n;dds38arme222r;ddw03am0e022d;ddw03am0e222n;ddw03am0e222r;ddw03ar0e022d;ddw03ar0e222n;ddw03ar0e222r;ddw03armd022d;ddw03armd222n;ddw03armd222r;ddw03arme022d;ddw03arme222n;ddw03arme222r;ddw04am0e022d;ddw04am0e222n;ddw04am0e222r;ddw04ar0e022d;ddw04ar0e222n;ddw04ar0e222r;ddw04armd022d;ddw04armd222n;ddw04armd222r;ddw04arme022d;ddw04arme222n;ddw04arme222r;ddw05am0e022d;ddw05am0e222n;ddw05am0e222r;ddw05ar0e022d;ddw05ar0e222n;ddw05ar0e222r;ddw05armd022d;ddw05armd222n;ddw05armd222r;ddw05arme022d;ddw05arme222n;ddw05arme222r;ddw06am0e022d;ddw06am0e222n;ddw06am0e222r;ddw06ar0e022d;ddw06ar0e222n;ddw06ar0e222r;ddw06armd022d;ddw06armd222n;ddw06armd222r;ddw06arme022d;ddw06arme222n;ddw06arme222r;ddw07am0e022d;ddw07am0e222n;ddw07am0e222r;ddw07ar0e022d;ddw07ar0e222n;ddw07ar0e222r;ddw07armd022d;ddw07armd222n;ddw07armd222r;ddw07arme022d;ddw07arme222n;ddw07arme222r;ddw08am0e022d;ddw08am0e222n;ddw08am0e222r;ddw08ar0e022d;ddw08ar0e222n;ddw08ar0e222r;ddw08armd022d;ddw08armd222n;ddw08armd222r;ddw08arme022d;ddw08arme222n;ddw08arme222r;ddw38am0e022d;ddw38am0e222n;ddw38am0e222r;ddw38ar0e022d;ddw38ar0e222n;ddw38ar0e222r;ddw38armd022d;ddw38armd222n;ddw38armd222r;ddw38arme022d;ddw38arme222n;ddw38arme222r;distname;district;dnc03am0e022d;dnc03am0e222n;dnc03am0e222r;dnc03ar0e022d;dnc03ar0e222n;dnc03ar0e222r;dnc03armd022d;dnc03armd222n;dnc03armd222r;dnc03arme022d;dnc03arme222n;dnc03arme222r;dnc04am0e022d;dnc04am0e222n;dnc04am0e222r;dnc04ar0e022d;dnc04ar0e222n;dnc04ar0e222r;dnc04armd022d;dnc04armd222n;dnc04armd222r;dnc04arme022d;dnc04arme222n;dnc04arme222r;dnc05am0e022d;dnc05am0e222n;dnc05am0e222r;dnc05ar0e022d;dnc05ar0e222n;dnc05ar0e222r;dnc05armd022d;dnc05armd222n;dnc05armd222r;dnc05arme022d;dnc05arme222n;dnc05arme222r;dnc06am0e022d;dnc06am0e222n;dnc06am0e222r;dnc06ar0e022d;dnc06ar0e222n;dnc06ar0e222r;dnc06armd022d;dnc06armd222n;dnc06armd222r;dnc06arme022d;dnc06arme222n;dnc06arme222r;dnc07am0e022d;dnc07am0e222n;dnc07am0e222r;dnc07ar0e022d;dnc07ar0e222n;dnc07ar0e222r;dnc07armd022d;dnc07armd222n;dnc07armd222r;dnc07arme022d;dnc07arme222n;dnc07arme222r;dnc08am0e022d;dnc08am0e222n;dnc08am0e222r;dnc08ar0e022d;dnc08ar0e222n;dnc08ar0e222r;dnc08armd022d;dnc08armd222n;dnc08armd222r;dnc08arme022d;dnc08arme222n;dnc08arme222r;dnc38am0e022d;dnc38am0e222n;dnc38am0e222r;dnc38ar0e022d;dnc38ar0e222n;dnc38ar0e222r;dnc38armd022d;dnc38armd222n;dnc38armd222r;dnc38arme022d;dnc38arme222n;dnc38arme222r;dnm03am0e022d;dnm03am0e222n;dnm03am0e222r;dnm03ar0e022d;dnm03ar0e222n;dnm03ar0e222r;dnm03armd022d;dnm03armd222n;dnm03armd222r;dnm03arme022d;dnm03arme222n;dnm03arme222r;dnm04am0e022d;dnm04am0e222n;dnm04am0e222r;dnm04ar0e022d;dnm04ar0e222n;dnm04ar0e222r;dnm04armd022d;dnm04armd222n;dnm04armd222r;dnm04arme022d;dnm04arme222n;dnm04arme222r;dnm05am0e022d;dnm05am0e222n;dnm05am0e222r;dnm05ar0e022d;dnm05ar0e222n;dnm05ar0e222r;dnm05armd022d;dnm05armd222n;dnm05armd222r;dnm05arme022d;dnm05arme222n;dnm05arme222r;dnm06am0e022d;dnm06am0e222n;dnm06am0e222r;dnm06ar0e022d;dnm06ar0e222n;dnm06ar0e222r;dnm06armd022d;dnm06armd222n;dnm06armd222r;dnm06arme022d;dnm06arme222n;dnm06arme222r;dnm07am0e022d;dnm07am0e222n;dnm07am0e222r;dnm07ar0e022d;dnm07ar0e222n;dnm07ar0e222r;dnm07armd022d;dnm07armd222n;dnm07armd222r;dnm07arme022d;dnm07arme222n;dnm07arme222r;dnm08am0e022d;dnm08am0e222n;dnm08am0e222r;dnm08ar0e022d;dnm08ar0e222n;dnm08ar0e222r;dnm08armd022d;dnm08armd222n;dnm08armd222r;dnm08arme022d;dnm08arme222n;dnm08arme222r;dnm38am0e022d;dnm38am0e222n;dnm38am0e222r;dnm38ar0e022d;dnm38ar0e222n;dnm38ar0e222r;dnm38armd022d;dnm38armd222n;dnm38armd222r;dnm38arme022d;dnm38arme222n;dnm38arme222r;dns03am0e022d;dns03am0e222n;dns03am0e222r;dns03ar0e022d;dns03ar0e222n;dns03ar0e222r;dns03armd022d;dns03armd222n;dns03armd222r;dns03arme022d;dns03arme222n;dns03arme222r;dns04am0e022d;dns04am0e222n;dns04am0e222r;dns04ar0e022d;dns04ar0e222n;dns04ar0e222r;dns04armd022d;dns04armd222n;dns04armd222r;dns04arme022d;dns04arme222n;dns04arme222r;dns05am0e022d;dns05am0e222n;dns05am0e222r;dns05ar0e022d;dns05ar0e222n;dns05ar0e222r;dns05armd022d;dns05armd222n;dns05armd222r;dns05arme022d;dns05arme222n;dns05arme222r;dns06am0e022d;dns06am0e222n;dns06am0e222r;dns06ar0e022d;dns06ar0e222n;dns06ar0e222r;dns06armd022d;dns06armd222n;dns06armd222r;dns06arme022d;dns06arme222n;dns06arme222r;dns07am0e022d;dns07am0e222n;dns07am0e222r;dns07ar0e022d;dns07ar0e222n;dns07ar0e222r;dns07armd022d;dns07armd222n;dns07armd222r;dns07arme022d;dns07arme222n;dns07arme222r;dns08am0e022d;dns08am0e222n;dns08am0e222r;dns08ar0e022d;dns08ar0e222n;dns08ar0e222r;dns08armd022d;dns08armd222n;dns08armd222r;dns08arme022d;dns08arme222n;dns08arme222r;dns38am0e022d;dns38am0e222n;dns38am0e222r;dns38ar0e022d;dns38ar0e222n;dns38ar0e222r;dns38armd022d;dns38armd222n;dns38armd222r;dns38arme022d;dns38arme222n;dns38arme222r,
"SCUC Data Analysis/data/21-22 Staar EOC, SAT ACT Accelerated Testers, All Grades).csv",data,1207,1388,dd000a001022d;dd000a001222n;dd000a001222r;dd000a001322n;dd000a001322r;dd000a001s22n;dd000a001s22r;dd000aa01022d;dd000aa01222n;dd000aa01222r;dd000aa01322n;dd000aa01322r;dd000aa01s22n;dd000aa01s22r;dd000aa11022d;dd000aa11222n;dd000aa11222r;dd000aa11322n;dd000aa11322r;dd000aa11s22n;dd000aa11s22r;dd000abi1022d;dd000abi1222n;dd000abi1222r;dd000abi1322n;dd000abi1322r;dd000abi1s22n;dd000abi1s22r;dd000ac01022d;dd000ac01222n;dd000ac01222r;dd000ac01322n;dd000ac01322r;dd000ac01s22n;dd000ac01s22r;dd000am01022d;dd000am01222n;dd000am01222r;dd000am01322n;dd000am01322r;dd000am01s22n;dd000am01s22r;dd000ar01022d;dd000ar01222n;dd000ar01222r;dd000ar01322n;dd000ar01322r;dd000ar01s22n;dd000ar01s22r;dd000ar11022d;dd000ar11222n;dd000ar11222r;dd000ar11322n;dd000ar11322r;dd000ar11s22n;dd000ar11s22r;dd000ar21022d;dd000ar21222n;dd000ar21222r;dd000ar21322n;dd000ar21322r;dd000ar21s22n;dd000ar21s22r;dd000as01022d;dd000as01222n;dd000as01222r;dd000as01322n;dd000as01322r;dd000as01s22n;dd000as01s22r;dd000aus1022d;dd000aus1222n;dd000aus1222r;dd000aus1322n;dd000aus1322r;dd000aus1s22n;dd000aus1s22r;dd200a001022d;dd200a001222n;dd200a001222r;dd200a001322n;dd200a001322r;dd200a001s22n;dd200a001s22r;dd200aa01022d;dd200aa01222n;dd200aa01222r;dd200aa01322n;dd200aa01322r;dd200aa01s22n;dd200aa01s22r;dd200aa11022d;dd200aa11222n;dd200aa11222r;dd200aa11322n;dd200aa11322r;dd200aa11s22n;dd200aa11s22r;dd200abi1022d;dd200abi1222n;dd200abi1222r;dd200abi1322n;dd200abi1322r;dd200abi1s22n;dd200abi1s22r;dd200ac01022d;dd200ac01222n;dd200ac01222r;dd200ac01322n;dd200ac01322r;dd200ac01s22n;dd200ac01s22r;dd200am01022d;dd200am01222n;dd200am01222r;dd200am01322n;dd200am01322r;dd200am01s22n;dd200am01s22r;dd200ar01022d;dd200ar01222n;dd200ar01222r;dd200ar01322n;dd200ar01322r;dd200ar01s22n;dd200ar01s22r;dd200ar11022d;dd200ar11222n;dd200ar11222r;dd200ar11322n;dd200ar11322r;dd200ar11s22n;dd200ar11s22r;dd200ar21022d;dd200ar21222n;dd200ar21222r;dd200ar21322n;dd200ar21322r;dd200ar21s22n;dd200ar21s22r;dd200as01022d;dd200as01222n;dd200as01222r;dd200as01322n;dd200as01322r;dd200as01s22n;dd200as01s22r;dd200aus1022d;dd200aus1222n;dd200aus1222r;dd200aus1322n;dd200aus1322r;dd200aus1s22n;dd200aus1s22r;dd300a001022d;dd300a001222n;dd300a001222r;dd300a001322n;dd300a001322r;dd300a001s22n;dd300a001s22r;dd300aa01022d;dd300aa01222n;dd300aa01222r;dd300aa01322n;dd300aa01322r;dd300aa01s22n;dd300aa01s22r;dd300aa11022d;dd300aa11222n;dd300aa11222r;dd300aa11322n;dd300aa11322r;dd300aa11s22n;dd300aa11s22r;dd300abi1022d;dd300abi1222n;dd300abi1222r;dd300abi1322n;dd300abi1322r;dd300abi1s22n;dd300abi1s22r;dd300ac01022d;dd300ac01222n;dd300ac01222r;dd300ac01322n;dd300ac01322r;dd300ac01s22n;dd300ac01s22r;dd300am01022d;dd300am01222n;dd300am01222r;dd300am01322n;dd300am01322r;dd300am01s22n;dd300am01s22r;dd300ar01022d;dd300ar01222n;dd300ar01222r;dd300ar01322n;dd300ar01322r;dd300ar01s22n;dd300ar01s22r;dd300ar11022d;dd300ar11222n;dd300ar11222r;dd300ar11322n;dd300ar11322r;dd300ar11s22n;dd300ar11s22r;dd300ar21022d;dd300ar21222n;dd300ar21222r;dd300ar21322n;dd300ar21322r;dd300ar21s22n;dd300ar21s22r;dd300as01022d;dd300as01222n;dd300as01222r;dd300as01322n;dd300as01322r;dd300as01s22n;dd300as01s22r;dd300aus1022d;dd300aus1222n;dd300aus1222r;dd300aus1322n;dd300aus1322r;dd300aus1s22n;dd300aus1s22r;dd400a001022d;dd400a001222n;dd400a001222r;dd400a001322n;dd400a001322r;dd400a001s22n;dd400a001s22r;dd400aa01022d;dd400aa01222n;dd400aa01222r;dd400aa01322n;dd400aa01322r;dd400aa01s22n;dd400aa01s22r;dd400aa11022d;dd400aa11222n;dd400aa11222r;dd400aa11322n;dd400aa11322r;dd400aa11s22n;dd400aa11s22r;dd400abi1022d;dd400abi1222n;dd400abi1222r;dd400abi1322n;dd400abi1322r;dd400abi1s22n;dd400abi1s22r;dd400ac01022d;dd400ac01222n;dd400ac01222r;dd400ac01322n;dd400ac01322r;dd400ac01s22n;dd400ac01s22r;dd400am01022d;dd400am01222n;dd400am01222r;dd400am01322n;dd400am01322r;dd400am01s22n;dd400am01s22r;dd400ar01022d;dd400ar01222n;dd400ar01222r;dd400ar01322n;dd400ar01322r;dd400ar01s22n;dd400ar01s22r;dd400ar11022d;dd400ar11222n;dd400ar11222r;dd400ar11322n;dd400ar11322r;dd400ar11s22n;dd400ar11s22r;dd400ar21022d;dd400ar21222n;dd400ar21222r;dd400ar21322n;dd400ar21322r;dd400ar21s22n;dd400ar21s22r;dd400as01022d;dd400as01222n;dd400as01222r;dd400as01322n;dd400as01322r;dd400as01s22n;dd400as01s22r;dd400aus1022d;dd400aus1222n;dd400aus1222r;dd400aus1322n;dd400aus1322r;dd400aus1s22n;dd400aus1s22r;dda00a001022d;dda00a001222n;dda00a001222r;dda00a001322n;dda00a001322r;dda00a001s22n;dda00a001s22r;dda00aa01022d;dda00aa01222n;dda00aa01222r;dda00aa01322n;dda00aa01322r;dda00aa01s22n;dda00aa01s22r;dda00aa11022d;dda00aa11222n;dda00aa11222r;dda00aa11322n;dda00aa11322r;dda00aa11s22n;dda00aa11s22r;dda00abi1022d;dda00abi1222n;dda00abi1222r;dda00abi1322n;dda00abi1322r;dda00abi1s22n;dda00abi1s22r;dda00ac01022d;dda00ac01222n;dda00ac01222r;dda00ac01322n;dda00ac01322r;dda00ac01s22n;dda00ac01s22r;dda00am01022d;dda00am01222n;dda00am01222r;dda00am01322n;dda00am01322r;dda00am01s22n;dda00am01s22r;dda00ar01022d;dda00ar01222n;dda00ar01222r;dda00ar01322n;dda00ar01322r;dda00ar01s22n;dda00ar01s22r;dda00ar11022d;dda00ar11222n;dda00ar11222r;dda00ar11322n;dda00ar11322r;dda00ar11s22n;dda00ar11s22r;dda00ar21022d;dda00ar21222n;dda00ar21222r;dda00ar21322n;dda00ar21322r;dda00ar21s22n;dda00ar21s22r;dda00as01022d;dda00as01222n;dda00as01222r;dda00as01322n;dda00as01322r;dda00as01s22n;dda00as01s22r;dda00aus1022d;dda00aus1222n;dda00aus1222r;dda00aus1322n;dda00aus1322r;dda00aus1s22n;dda00aus1s22r;ddb00a001022d;ddb00a001222n;ddb00a001222r;ddb00a001322n;ddb00a001322r;ddb00a001s22n;ddb00a001s22r;ddb00aa01022d;ddb00aa01222n;ddb00aa01222r;ddb00aa01322n;ddb00aa01322r;ddb00aa01s22n;ddb00aa01s22r;ddb00aa11022d;ddb00aa11222n;ddb00aa11222r;ddb00aa11322n;ddb00aa11322r;ddb00aa11s22n;ddb00aa11s22r;ddb00abi1022d;ddb00abi1222n;ddb00abi1222r;ddb00abi1322n;ddb00abi1322r;ddb00abi1s22n;ddb00abi1s22r;ddb00ac01022d;ddb00ac01222n;ddb00ac01222r;ddb00ac01322n;ddb00ac01322r;ddb00ac01s22n;ddb00ac01s22r;ddb00am01022d;ddb00am01222n;ddb00am01222r;ddb00am01322n;ddb00am01322r;ddb00am01s22n;ddb00am01s22r;ddb00ar01022d;ddb00ar01222n;ddb00ar01222r;ddb00ar01322n;ddb00ar01322r;ddb00ar01s22n;ddb00ar01s22r;ddb00ar11022d;ddb00ar11222n;ddb00ar11222r;ddb00ar11322n;ddb00ar11322r;ddb00ar11s22n;ddb00ar11s22r;ddb00ar21022d;ddb00ar21222n;ddb00ar21222r;ddb00ar21322n;ddb00ar21322r;ddb00ar21s22n;ddb00ar21s22r;ddb00as01022d;ddb00as01222n;ddb00as01222r;ddb00as01322n;ddb00as01322r;ddb00as01s22n;ddb00as01s22r;ddb00aus1022d;ddb00aus1222n;ddb00aus1222r;ddb00aus1322n;ddb00aus1322r;ddb00aus1s22n;ddb00aus1s22r;dde00a001022d;dde00a001222n;dde00a001222r;dde00a001322n;dde00a001322r;dde00a001s22n;dde00a001s22r;dde00aa01022d;dde00aa01222n;dde00aa01222r;dde00aa01322n;dde00aa01322r;dde00aa01s22n;dde00aa01s22r;dde00aa11022d;dde00aa11222n;dde00aa11222r;dde00aa11322n;dde00aa11322r;dde00aa11s22n;dde00aa11s22r;dde00abi1022d;dde00abi1222n;dde00abi1222r;dde00abi1322n;dde00abi1322r;dde00abi1s22n;dde00abi1s22r;dde00ac01022d;dde00ac01222n;dde00ac01222r;dde00ac01322n;dde00ac01322r;dde00ac01s22n;dde00ac01s22r;dde00am01022d;dde00am01222n;dde00am01222r;dde00am01322n;dde00am01322r;dde00am01s22n;dde00am01s22r;dde00ar01022d;dde00ar01222n;dde00ar01222r;dde00ar01322n;dde00ar01322r;dde00ar01s22n;dde00ar01s22r;dde00ar11022d;dde00ar11222n;dde00ar11222r;dde00ar11322n;dde00ar11322r;dde00ar11s22n;dde00ar11s22r;dde00ar21022d;dde00ar21222n;dde00ar21222r;dde00ar21322n;dde00ar21322r;dde00ar21s22n;dde00ar21s22r;dde00as01022d;dde00as01222n;dde00as01222r;dde00as01322n;dde00as01322r;dde00as01s22n;dde00as01s22r;dde00aus1022d;dde00aus1222n;dde00aus1222r;dde00aus1322n;dde00aus1322r;dde00aus1s22n;dde00aus1s22r;ddf00a001022d;ddf00a001222n;ddf00a001222r;ddf00a001322n;ddf00a001322r;ddf00a001s22n;ddf00a001s22r;ddf00aa01022d;ddf00aa01222n;ddf00aa01222r;ddf00aa01322n;ddf00aa01322r;ddf00aa01s22n;ddf00aa01s22r;ddf00aa11022d;ddf00aa11222n;ddf00aa11222r;ddf00aa11322n;ddf00aa11322r;ddf00aa11s22n;ddf00aa11s22r;ddf00abi1022d;ddf00abi1222n;ddf00abi1222r;ddf00abi1322n;ddf00abi1322r;ddf00abi1s22n;ddf00abi1s22r;ddf00ac01022d;ddf00ac01222n;ddf00ac01222r;ddf00ac01322n;ddf00ac01322r;ddf00ac01s22n;ddf00ac01s22r;ddf00am01022d;ddf00am01222n;ddf00am01222r;ddf00am01322n;ddf00am01322r;ddf00am01s22n;ddf00am01s22r;ddf00ar01022d;ddf00ar01222n;ddf00ar01222r;ddf00ar01322n;ddf00ar01322r;ddf00ar01s22n;ddf00ar01s22r;ddf00ar11022d;ddf00ar11222n;ddf00ar11222r;ddf00ar11322n;ddf00ar11322r;ddf00ar11s22n;ddf00ar11s22r;ddf00ar21022d;ddf00ar21222n;ddf00ar21222r;ddf00ar21322n;ddf00ar21322r;ddf00ar21s22n;ddf00ar21s22r;ddf00as01022d;ddf00as01222n;ddf00as01222r;ddf00as01322n;ddf00as01322r;ddf00as01s22n;ddf00as01s22r;ddf00aus1022d;ddf00aus1222n;ddf00aus1222r;ddf00aus1322n;ddf00aus1322r;ddf00aus1s22n;ddf00aus1s22r;ddh00a001022d;ddh00a001222n;ddh00a001222r;ddh00a001322n;ddh00a001322r;ddh00a001s22n;ddh00a001s22r;ddh00aa01022d;ddh00aa01222n;ddh00aa01222r;ddh00aa01322n;ddh00aa01322r;ddh00aa01s22n;ddh00aa01s22r;ddh00aa11022d;ddh00aa11222n;ddh00aa11222r;ddh00aa11322n;ddh00aa11322r;ddh00aa11s22n;ddh00aa11s22r;ddh00abi1022d;ddh00abi1222n;ddh00abi1222r;ddh00abi1322n;ddh00abi1322r;ddh00abi1s22n;ddh00abi1s22r;ddh00ac01022d;ddh00ac01222n;ddh00ac01222r;ddh00ac01322n;ddh00ac01322r;ddh00ac01s22n;ddh00ac01s22r;ddh00am01022d;ddh00am01222n;ddh00am01222r;ddh00am01322n;ddh00am01322r;ddh00am01s22n;ddh00am01s22r;ddh00ar01022d;ddh00ar01222n;ddh00ar01222r;ddh00ar01322n;ddh00ar01322r;ddh00ar01s22n;ddh00ar01s22r;ddh00ar11022d;ddh00ar11222n;ddh00ar11222r;ddh00ar11322n;ddh00ar11322r;ddh00ar11s22n;ddh00ar11s22r;ddh00ar21022d;ddh00ar21222n;ddh00ar21222r;ddh00ar21322n;ddh00ar21322r;ddh00ar21s22n;ddh00ar21s22r;ddh00as01022d;ddh00as01222n;ddh00as01222r;ddh00as01322n;ddh00as01322r;ddh00as01s22n;ddh00as01s22r;ddh00aus1022d;ddh00aus1222n;ddh00aus1222r;ddh00aus1322n;ddh00aus1322r;ddh00aus1s22n;ddh00aus1s22r;ddi00a001022d;ddi00a001222n;ddi00a001222r;ddi00a001322n;ddi00a001322r;ddi00a001s22n;ddi00a001s22r;ddi00aa01022d;ddi00aa01222n;ddi00aa01222r;ddi00aa01322n;ddi00aa01322r;ddi00aa01s22n;ddi00aa01s22r;ddi00aa11022d;ddi00aa11222n;ddi00aa11222r;ddi00aa11322n;ddi00aa11322r;ddi00aa11s22n;ddi00aa11s22r;ddi00abi1022d;ddi00abi1222n;ddi00abi1222r;ddi00abi1322n;ddi00abi1322r;ddi00abi1s22n;ddi00abi1s22r;ddi00ac01022d;ddi00ac01222n;ddi00ac01222r;ddi00ac01322n;ddi00ac01322r;ddi00ac01s22n;ddi00ac01s22r;ddi00am01022d;ddi00am01222n;ddi00am01222r;ddi00am01322n;ddi00am01322r;ddi00am01s22n;ddi00am01s22r;ddi00ar01022d;ddi00ar01222n;ddi00ar01222r;ddi00ar01322n;ddi00ar01322r;ddi00ar01s22n;ddi00ar01s22r;ddi00ar11022d;ddi00ar11222n;ddi00ar11222r;ddi00ar11322n;ddi00ar11322r;ddi00ar11s22n;ddi00ar11s22r;ddi00ar21022d;ddi00ar21222n;ddi00ar21222r;ddi00ar21322n;ddi00ar21322r;ddi00ar21s22n;ddi00ar21s22r;ddi00as01022d;ddi00as01222n;ddi00as01222r;ddi00as01322n;ddi00as01322r;ddi00as01s22n;ddi00as01s22r;ddi00aus1022d;ddi00aus1222n;ddi00aus1222r;ddi00aus1322n;ddi00aus1322r;ddi00aus1s22n;ddi00aus1s22r;ddl00a001022d;ddl00a001222n;ddl00a001222r;ddl00a001322n;ddl00a001322r;ddl00a001s22n;ddl00a001s22r;ddl00aa01022d;ddl00aa01222n;ddl00aa01222r;ddl00aa01322n;ddl00aa01322r;ddl00aa01s22n;ddl00aa01s22r;ddl00aa11022d;ddl00aa11222n;ddl00aa11222r;ddl00aa11322n;ddl00aa11322r;ddl00aa11s22n;ddl00aa11s22r;ddl00abi1022d;ddl00abi1222n;ddl00abi1222r;ddl00abi1322n;ddl00abi1322r;ddl00abi1s22n;ddl00abi1s22r;ddl00ac01022d;ddl00ac01222n;ddl00ac01222r;ddl00ac01322n;ddl00ac01322r;ddl00ac01s22n;ddl00ac01s22r;ddl00am01022d;ddl00am01222n;ddl00am01222r;ddl00am01322n;ddl00am01322r;ddl00am01s22n;ddl00am01s22r;ddl00ar01022d;ddl00ar01222n;ddl00ar01222r;ddl00ar01322n;ddl00ar01322r;ddl00ar01s22n;ddl00ar01s22r;ddl00ar11022d;ddl00ar11222n;ddl00ar11222r;ddl00ar11322n;ddl00ar11322r;ddl00ar11s22n;ddl00ar11s22r;ddl00ar21022d;ddl00ar21222n;ddl00ar21222r;ddl00ar21322n;ddl00ar21322r;ddl00ar21s22n;ddl00ar21s22r;ddl00as01022d;ddl00as01222n;ddl00as01222r;ddl00as01322n;ddl00as01322r;ddl00as01s22n;ddl00as01s22r;ddl00aus1022d;ddl00aus1222n;ddl00aus1222r;ddl00aus1322n;ddl00aus1322r;ddl00aus1s22n;ddl00aus1s22r;ddm00a001022d;ddm00a001222n;ddm00a001222r;ddm00a001322n;ddm00a001322r;ddm00a001s22n;ddm00a001s22r;ddm00aa01022d;ddm00aa01222n;ddm00aa01222r;ddm00aa01322n;ddm00aa01322r;ddm00aa01s22n;ddm00aa01s22r;ddm00aa11022d;ddm00aa11222n;ddm00aa11222r;ddm00aa11322n;ddm00aa11322r;ddm00aa11s22n;ddm00aa11s22r;ddm00abi1022d;ddm00abi1222n;ddm00abi1222r;ddm00abi1322n;ddm00abi1322r;ddm00abi1s22n;ddm00abi1s22r;ddm00ac01022d;ddm00ac01222n;ddm00ac01222r;ddm00ac01322n;ddm00ac01322r;ddm00ac01s22n;ddm00ac01s22r;ddm00am01022d;ddm00am01222n;ddm00am01222r;ddm00am01322n;ddm00am01322r;ddm00am01s22n;ddm00am01s22r;ddm00ar01022d;ddm00ar01222n;ddm00ar01222r;ddm00ar01322n;ddm00ar01322r;ddm00ar01s22n;ddm00ar01s22r;ddm00ar11022d;ddm00ar11222n;ddm00ar11222r;ddm00ar11322n;ddm00ar11322r;ddm00ar11s22n;ddm00ar11s22r;ddm00ar21022d;ddm00ar21222n;ddm00ar21222r;ddm00ar21322n;ddm00ar21322r;ddm00ar21s22n;ddm00ar21s22r;ddm00as01022d;ddm00as01222n;ddm00as01222r;ddm00as01322n;ddm00as01322r;ddm00as01s22n;ddm00as01s22r;ddm00aus1022d;ddm00aus1222n;ddm00aus1222r;ddm00aus1322n;ddm00aus1322r;ddm00aus1s22n;ddm00aus1s22r;ddr00a001022d;ddr00a001222n;ddr00a001222r;ddr00a001322n;ddr00a001322r;ddr00a001s22n;ddr00a001s22r;ddr00aa01022d;ddr00aa01222n;ddr00aa01222r;ddr00aa01322n;ddr00aa01322r;ddr00aa01s22n;ddr00aa01s22r;ddr00aa11022d;ddr00aa11222n;ddr00aa11222r;ddr00aa11322n;ddr00aa11322r;ddr00aa11s22n;ddr00aa11s22r;ddr00abi1022d;ddr00abi1222n;ddr00abi1222r;ddr00abi1322n;ddr00abi1322r;ddr00abi1s22n;ddr00abi1s22r;ddr00ac01022d;ddr00ac01222n;ddr00ac01222r;ddr00ac01322n;ddr00ac01322r;ddr00ac01s22n;ddr00ac01s22r;ddr00am01022d;ddr00am01222n;ddr00am01222r;ddr00am01322n;ddr00am01322r;ddr00am01s22n;ddr00am01s22r;ddr00ar01022d;ddr00ar01222n;ddr00ar01222r;ddr00ar01322n;ddr00ar01322r;ddr00ar01s22n;ddr00ar01s22r;ddr00ar11022d;ddr00ar11222n;ddr00ar11222r;ddr00ar11322n;ddr00ar11322r;ddr00ar11s22n;ddr00ar11s22r;ddr00ar21022d;ddr00ar21222n;ddr00ar21222r;ddr00ar21322n;ddr00ar21322r;ddr00ar21s22n;ddr00ar21s22r;ddr00as01022d;ddr00as01222n;ddr00as01222r;ddr00as01322n;ddr00as01322r;ddr00as01s22n;ddr00as01s22r;ddr00aus1022d;ddr00aus1222n;ddr00aus1222r;ddr00aus1322n;ddr00aus1322r;ddr00aus1s22n;ddr00aus1s22r;dds00a001022d;dds00a001222n;dds00a001222r;dds00a001322n;dds00a001322r;dds00a001s22n;dds00a001s22r;dds00aa01022d;dds00aa01222n;dds00aa01222r;dds00aa01322n;dds00aa01322r;dds00aa01s22n;dds00aa01s22r;dds00aa11022d;dds00aa11222n;dds00aa11222r;dds00aa11322n;dds00aa11322r;dds00aa11s22n;dds00aa11s22r;dds00abi1022d;dds00abi1222n;dds00abi1222r;dds00abi1322n;dds00abi1322r;dds00abi1s22n;dds00abi1s22r;dds00ac01022d;dds00ac01222n;dds00ac01222r;dds00ac01322n;dds00ac01322r;dds00ac01s22n;dds00ac01s22r;dds00am01022d;dds00am01222n;dds00am01222r;dds00am01322n;dds00am01322r;dds00am01s22n;dds00am01s22r;dds00ar01022d;dds00ar01222n;dds00ar01222r;dds00ar01322n;dds00ar01322r;dds00ar01s22n;dds00ar01s22r;dds00ar11022d;dds00ar11222n;dds00ar11222r;dds00ar11322n;dds00ar11322r;dds00ar11s22n;dds00ar11s22r;dds00ar21022d;dds00ar21222n;dds00ar21222r;dds00ar21322n;dds00ar21322r;dds00ar21s22n;dds00ar21s22r;dds00as01022d;dds00as01222n;dds00as01222r;dds00as01322n;dds00as01322r;dds00as01s22n;dds00as01s22r;dds00aus1022d;dds00aus1222n;dds00aus1222r;dds00aus1322n;dds00aus1322r;dds00aus1s22n;dds00aus1s22r;ddw00a001022d;ddw00a001222n;ddw00a001222r;ddw00a001322n;ddw00a001322r;ddw00a001s22n;ddw00a001s22r;ddw00aa01022d;ddw00aa01222n;ddw00aa01222r;ddw00aa01322n;ddw00aa01322r;ddw00aa01s22n;ddw00aa01s22r;ddw00aa11022d;ddw00aa11222n;ddw00aa11222r;ddw00aa11322n;ddw00aa11322r;ddw00aa11s22n;ddw00aa11s22r;ddw00abi1022d;ddw00abi1222n;ddw00abi1222r;ddw00abi1322n;ddw00abi1322r;ddw00abi1s22n;ddw00abi1s22r;ddw00ac01022d;ddw00ac01222n;ddw00ac01222r;ddw00ac01322n;ddw00ac01322r;ddw00ac01s22n;ddw00ac01s22r;ddw00am01022d;ddw00am01222n;ddw00am01222r;ddw00am01322n;ddw00am01322r;ddw00am01s22n;ddw00am01s22r;ddw00ar01022d;ddw00ar01222n;ddw00ar01222r;ddw00ar01322n;ddw00ar01322r;ddw00ar01s22n;ddw00ar01s22r;ddw00ar11022d;ddw00ar11222n;ddw00ar11222r;ddw00ar11322n;ddw00ar11322r;ddw00ar11s22n;ddw00ar11s22r;ddw00ar21022d;ddw00ar21222n;ddw00ar21222r;ddw00ar21322n;ddw00ar21322r;ddw00ar21s22n;ddw00ar21s22r;ddw00as01022d;ddw00as01222n;ddw00as01222r;ddw00as01322n;ddw00as01322r;ddw00as01s22n;ddw00as01s22r;ddw00aus1022d;ddw00aus1222n;ddw00aus1222r;ddw00aus1322n;ddw00aus1322r;ddw00aus1s22n;ddw00aus1s22r;distname;district;dnc00a001022d;dnc00a001222n;dnc00a001222r;dnc00a001322n;dnc00a001322r;dnc00a001s22n;dnc00a001s22r;dnc00aa01022d;dnc00aa01222n;dnc00aa01222r;dnc00aa01322n;dnc00aa01322r;dnc00aa01s22n;dnc00aa01s22r;dnc00aa11022d;dnc00aa11222n;dnc00aa11222r;dnc00aa11322n;dnc00aa11322r;dnc00aa11s22n;dnc00aa11s22r;dnc00abi1022d;dnc00abi1222n;dnc00abi1222r;dnc00abi1322n;dnc00abi1322r;dnc00abi1s22n;dnc00abi1s22r;dnc00ac01022d;dnc00ac01222n;dnc00ac01222r;dnc00ac01322n;dnc00ac01322r;dnc00ac01s22n;dnc00ac01s22r;dnc00am01022d;dnc00am01222n;dnc00am01222r;dnc00am01322n;dnc00am01322r;dnc00am01s22n;dnc00am01s22r;dnc00ar01022d;dnc00ar01222n;dnc00ar01222r;dnc00ar01322n;dnc00ar01322r;dnc00ar01s22n;dnc00ar01s22r;dnc00ar11022d;dnc00ar11222n;dnc00ar11222r;dnc00ar11322n;dnc00ar11322r;dnc00ar11s22n;dnc00ar11s22r;dnc00ar21022d;dnc00ar21222n;dnc00ar21222r;dnc00ar21322n;dnc00ar21322r;dnc00ar21s22n;dnc00ar21s22r;dnc00as01022d;dnc00as01222n;dnc00as01222r;dnc00as01322n;dnc00as01322r;dnc00as01s22n;dnc00as01s22r;dnc00aus1022d;dnc00aus1222n;dnc00aus1222r;dnc00aus1322n;dnc00aus1322r;dnc00aus1s22n;dnc00aus1s22r;dnm00a001022d;dnm00a001222n;dnm00a001222r;dnm00a001322n;dnm00a001322r;dnm00a001s22n;dnm00a001s22r;dnm00aa01022d;dnm00aa01222n;dnm00aa01222r;dnm00aa01322n;dnm00aa01322r;dnm00aa01s22n;dnm00aa01s22r;dnm00aa11022d;dnm00aa11222n;dnm00aa11222r;dnm00aa11322n;dnm00aa11322r;dnm00aa11s22n;dnm00aa11s22r;dnm00abi1022d;dnm00abi1222n;dnm00abi1222r;dnm00abi1322n;dnm00abi1322r;dnm00abi1s22n;dnm00abi1s22r;dnm00ac01022d;dnm00ac01222n;dnm00ac01222r;dnm00ac01322n;dnm00ac01322r;dnm00ac01s22n;dnm00ac01s22r;dnm00am01022d;dnm00am01222n;dnm00am01222r;dnm00am01322n;dnm00am01322r;dnm00am01s22n;dnm00am01s22r;dnm00ar01022d;dnm00ar01222n;dnm00ar01222r;dnm00ar01322n;dnm00ar01322r;dnm00ar01s22n;dnm00ar01s22r;dnm00ar11022d;dnm00ar11222n;dnm00ar11222r;dnm00ar11322n;dnm00ar11322r;dnm00ar11s22n;dnm00ar11s22r;dnm00ar21022d;dnm00ar21222n;dnm00ar21222r;dnm00ar21322n;dnm00ar21322r;dnm00ar21s22n;dnm00ar21s22r;dnm00as01022d;dnm00as01222n;dnm00as01222r;dnm00as01322n;dnm00as01322r;dnm00as01s22n;dnm00as01s22r;dnm00aus1022d;dnm00aus1222n;dnm00aus1222r;dnm00aus1322n;dnm00aus1322r;dnm00aus1s22n;dnm00aus1s22r;dns00a001022d;dns00a001222n;dns00a001222r;dns00a001322n;dns00a001322r;dns00a001s22n;dns00a001s22r;dns00aa01022d;dns00aa01222n;dns00aa01222r;dns00aa01322n;dns00aa01322r;dns00aa01s22n;dns00aa01s22r;dns00aa11022d;dns00aa11222n;dns00aa11222r;dns00aa11322n;dns00aa11322r;dns00aa11s22n;dns00aa11s22r;dns00abi1022d;dns00abi1222n;dns00abi1222r;dns00abi1322n;dns00abi1322r;dns00abi1s22n;dns00abi1s22r;dns00ac01022d;dns00ac01222n;dns00ac01222r;dns00ac01322n;dns00ac01322r;dns00ac01s22n;dns00ac01s22r;dns00am01022d;dns00am01222n;dns00am01222r;dns00am01322n;dns00am01322r;dns00am01s22n;dns00am01s22r;dns00ar01022d;dns00ar01222n;dns00ar01222r;dns00ar01322n;dns00ar01322r;dns00ar01s22n;dns00ar01s22r;dns00ar11022d;dns00ar11222n;dns00ar11222r;dns00ar11322n;dns00ar11322r;dns00ar11s22n;dns00ar11s22r;dns00ar21022d;dns00ar21222n;dns00ar21222r;dns00ar21322n;dns00ar21322r;dns00ar21s22n;dns00ar21s22r;dns00as01022d;dns00as01222n;dns00as01222r;dns00as01322n;dns00as01322r;dns00as01s22n;dns00as01s22r;dns00aus1022d;dns00aus1222n;dns00aus1222r;dns00aus1322n;dns00aus1322r;dns00aus1s22n;dns00aus1s22r,
SCUC Data Analysis/data/95-96 snapshot.xls,,,,,Legacy .xls retained for manual review; not parsed automatically
SCUC Data Analysis/data/STAAR Assessment Data - Primary Student Groups.csv,data,1207,1892,dd003ama1022d;dd003ama1222n;dd003ama1222r;dd003ama1322n;dd003ama1322r;dd003ama1s22n;dd003ama1s22r;dd003are1022d;dd003are1222n;dd003are1222r;dd003are1322n;dd003are1322r;dd003are1s22n;dd003are1s22r;dd004ama1022d;dd004ama1222n;dd004ama1222r;dd004ama1322n;dd004ama1322r;dd004ama1s22n;dd004ama1s22r;dd004are1022d;dd004are1222n;dd004are1222r;dd004are1322n;dd004are1322r;dd004are1s22n;dd004are1s22r;dd005ama1022d;dd005ama1222n;dd005ama1222r;dd005ama1322n;dd005ama1322r;dd005ama1s22n;dd005ama1s22r;dd005are1022d;dd005are1222n;dd005are1222r;dd005are1322n;dd005are1322r;dd005are1s22n;dd005are1s22r;dd005asc1022d;dd005asc1222n;dd005asc1222r;dd005asc1322n;dd005asc1322r;dd005asc1s22n;dd005asc1s22r;dd006ama1022d;dd006ama1222n;dd006ama1222r;dd006ama1322n;dd006ama1322r;dd006ama1s22n;dd006ama1s22r;dd006are1022d;dd006are1222n;dd006are1222r;dd006are1322n;dd006are1322r;dd006are1s22n;dd006are1s22r;dd007ama1022d;dd007ama1222n;dd007ama1222r;dd007ama1322n;dd007ama1322r;dd007ama1s22n;dd007ama1s22r;dd007are1022d;dd007are1222n;dd007are1222r;dd007are1322n;dd007are1322r;dd007are1s22n;dd007are1s22r;dd008ama1022d;dd008ama1222n;dd008ama1222r;dd008ama1322n;dd008ama1322r;dd008ama1s22n;dd008ama1s22r;dd008are1022d;dd008are1222n;dd008are1222r;dd008are1322n;dd008are1322r;dd008are1s22n;dd008are1s22r;dd008asc1022d;dd008asc1222n;dd008asc1222r;dd008asc1322n;dd008asc1322r;dd008asc1s22n;dd008asc1s22r;dd008ass1022d;dd008ass1222n;dd008ass1222r;dd008ass1322n;dd008ass1322r;dd008ass1s22n;dd008ass1s22r;dd203ama1022d;dd203ama1222n;dd203ama1222r;dd203ama1322n;dd203ama1322r;dd203ama1s22n;dd203ama1s22r;dd203are1022d;dd203are1222n;dd203are1222r;dd203are1322n;dd203are1322r;dd203are1s22n;dd203are1s22r;dd204ama1022d;dd204ama1222n;dd204ama1222r;dd204ama1322n;dd204ama1322r;dd204ama1s22n;dd204ama1s22r;dd204are1022d;dd204are1222n;dd204are1222r;dd204are1322n;dd204are1322r;dd204are1s22n;dd204are1s22r;dd205ama1022d;dd205ama1222n;dd205ama1222r;dd205ama1322n;dd205ama1322r;dd205ama1s22n;dd205ama1s22r;dd205are1022d;dd205are1222n;dd205are1222r;dd205are1322n;dd205are1322r;dd205are1s22n;dd205are1s22r;dd205asc1022d;dd205asc1222n;dd205asc1222r;dd205asc1322n;dd205asc1322r;dd205asc1s22n;dd205asc1s22r;dd206ama1022d;dd206ama1222n;dd206ama1222r;dd206ama1322n;dd206ama1322r;dd206ama1s22n;dd206ama1s22r;dd206are1022d;dd206are1222n;dd206are1222r;dd206are1322n;dd206are1322r;dd206are1s22n;dd206are1s22r;dd207ama1022d;dd207ama1222n;dd207ama1222r;dd207ama1322n;dd207ama1322r;dd207ama1s22n;dd207ama1s22r;dd207are1022d;dd207are1222n;dd207are1222r;dd207are1322n;dd207are1322r;dd207are1s22n;dd207are1s22r;dd208ama1022d;dd208ama1222n;dd208ama1222r;dd208ama1322n;dd208ama1322r;dd208ama1s22n;dd208ama1s22r;dd208are1022d;dd208are1222n;dd208are1222r;dd208are1322n;dd208are1322r;dd208are1s22n;dd208are1s22r;dd208asc1022d;dd208asc1222n;dd208asc1222r;dd208asc1322n;dd208asc1322r;dd208asc1s22n;dd208asc1s22r;dd208ass1022d;dd208ass1222n;dd208ass1222r;dd208ass1322n;dd208ass1322r;dd208ass1s22n;dd208ass1s22r;dd303ama1022d;dd303ama1222n;dd303ama1222r;dd303ama1322n;dd303ama1322r;dd303ama1s22n;dd303ama1s22r;dd303are1022d;dd303are1222n;dd303are1222r;dd303are1322n;dd303are1322r;dd303are1s22n;dd303are1s22r;dd304ama1022d;dd304ama1222n;dd304ama1222r;dd304ama1322n;dd304ama1322r;dd304ama1s22n;dd304ama1s22r;dd304are1022d;dd304are1222n;dd304are1222r;dd304are1322n;dd304are1322r;dd304are1s22n;dd304are1s22r;dd305ama1022d;dd305ama1222n;dd305ama1222r;dd305ama1322n;dd305ama1322r;dd305ama1s22n;dd305ama1s22r;dd305are1022d;dd305are1222n;dd305are1222r;dd305are1322n;dd305are1322r;dd305are1s22n;dd305are1s22r;dd305asc1022d;dd305asc1222n;dd305asc1222r;dd305asc1322n;dd305asc1322r;dd305asc1s22n;dd305asc1s22r;dd306ama1022d;dd306ama1222n;dd306ama1222r;dd306ama1322n;dd306ama1322r;dd306ama1s22n;dd306ama1s22r;dd306are1022d;dd306are1222n;dd306are1222r;dd306are1322n;dd306are1322r;dd306are1s22n;dd306are1s22r;dd307ama1022d;dd307ama1222n;dd307ama1222r;dd307ama1322n;dd307ama1322r;dd307ama1s22n;dd307ama1s22r;dd307are1022d;dd307are1222n;dd307are1222r;dd307are1322n;dd307are1322r;dd307are1s22n;dd307are1s22r;dd308ama1022d;dd308ama1222n;dd308ama1222r;dd308ama1322n;dd308ama1322r;dd308ama1s22n;dd308ama1s22r;dd308are1022d;dd308are1222n;dd308are1222r;dd308are1322n;dd308are1322r;dd308are1s22n;dd308are1s22r;dd308asc1022d;dd308asc1222n;dd308asc1222r;dd308asc1322n;dd308asc1322r;dd308asc1s22n;dd308asc1s22r;dd308ass1022d;dd308ass1222n;dd308ass1222r;dd308ass1322n;dd308ass1322r;dd308ass1s22n;dd308ass1s22r;dd403ama1022d;dd403ama1222n;dd403ama1222r;dd403ama1322n;dd403ama1322r;dd403ama1s22n;dd403ama1s22r;dd403are1022d;dd403are1222n;dd403are1222r;dd403are1322n;dd403are1322r;dd403are1s22n;dd403are1s22r;dd404ama1022d;dd404ama1222n;dd404ama1222r;dd404ama1322n;dd404ama1322r;dd404ama1s22n;dd404ama1s22r;dd404are1022d;dd404are1222n;dd404are1222r;dd404are1322n;dd404are1322r;dd404are1s22n;dd404are1s22r;dd405ama1022d;dd405ama1222n;dd405ama1222r;dd405ama1322n;dd405ama1322r;dd405ama1s22n;dd405ama1s22r;dd405are1022d;dd405are1222n;dd405are1222r;dd405are1322n;dd405are1322r;dd405are1s22n;dd405are1s22r;dd405asc1022d;dd405asc1222n;dd405asc1222r;dd405asc1322n;dd405asc1322r;dd405asc1s22n;dd405asc1s22r;dd406ama1022d;dd406ama1222n;dd406ama1222r;dd406ama1322n;dd406ama1322r;dd406ama1s22n;dd406ama1s22r;dd406are1022d;dd406are1222n;dd406are1222r;dd406are1322n;dd406are1322r;dd406are1s22n;dd406are1s22r;dd407ama1022d;dd407ama1222n;dd407ama1222r;dd407ama1322n;dd407ama1322r;dd407ama1s22n;dd407ama1s22r;dd407are1022d;dd407are1222n;dd407are1222r;dd407are1322n;dd407are1322r;dd407are1s22n;dd407are1s22r;dd408ama1022d;dd408ama1222n;dd408ama1222r;dd408ama1322n;dd408ama1322r;dd408ama1s22n;dd408ama1s22r;dd408are1022d;dd408are1222n;dd408are1222r;dd408are1322n;dd408are1322r;dd408are1s22n;dd408are1s22r;dd408asc1022d;dd408asc1222n;dd408asc1222r;dd408asc1322n;dd408asc1322r;dd408asc1s22n;dd408asc1s22r;dd408ass1022d;dd408ass1222n;dd408ass1222r;dd408ass1322n;dd408ass1322r;dd408ass1s22n;dd408ass1s22r;dda03ama1022d;dda03ama1222n;dda03ama1222r;dda03ama1322n;dda03ama1322r;dda03ama1s22n;dda03ama1s22r;dda03are1022d;dda03are1222n;dda03are1222r;dda03are1322n;dda03are1322r;dda03are1s22n;dda03are1s22r;dda04ama1022d;dda04ama1222n;dda04ama1222r;dda04ama1322n;dda04ama1322r;dda04ama1s22n;dda04ama1s22r;dda04are1022d;dda04are1222n;dda04are1222r;dda04are1322n;dda04are1322r;dda04are1s22n;dda04are1s22r;dda05ama1022d;dda05ama1222n;dda05ama1222r;dda05ama1322n;dda05ama1322r;dda05ama1s22n;dda05ama1s22r;dda05are1022d;dda05are1222n;dda05are1222r;dda05are1322n;dda05are1322r;dda05are1s22n;dda05are1s22r;dda05asc1022d;dda05asc1222n;dda05asc1222r;dda05asc1322n;dda05asc1322r;dda05asc1s22n;dda05asc1s22r;dda06ama1022d;dda06ama1222n;dda06ama1222r;dda06ama1322n;dda06ama1322r;dda06ama1s22n;dda06ama1s22r;dda06are1022d;dda06are1222n;dda06are1222r;dda06are1322n;dda06are1322r;dda06are1s22n;dda06are1s22r;dda07ama1022d;dda07ama1222n;dda07ama1222r;dda07ama1322n;dda07ama1322r;dda07ama1s22n;dda07ama1s22r;dda07are1022d;dda07are1222n;dda07are1222r;dda07are1322n;dda07are1322r;dda07are1s22n;dda07are1s22r;dda08ama1022d;dda08ama1222n;dda08ama1222r;dda08ama1322n;dda08ama1322r;dda08ama1s22n;dda08ama1s22r;dda08are1022d;dda08are1222n;dda08are1222r;dda08are1322n;dda08are1322r;dda08are1s22n;dda08are1s22r;dda08asc1022d;dda08asc1222n;dda08asc1222r;dda08asc1322n;dda08asc1322r;dda08asc1s22n;dda08asc1s22r;dda08ass1022d;dda08ass1222n;dda08ass1222r;dda08ass1322n;dda08ass1322r;dda08ass1s22n;dda08ass1s22r;ddb03ama1022d;ddb03ama1222n;ddb03ama1222r;ddb03ama1322n;ddb03ama1322r;ddb03ama1s22n;ddb03ama1s22r;ddb03are1022d;ddb03are1222n;ddb03are1222r;ddb03are1322n;ddb03are1322r;ddb03are1s22n;ddb03are1s22r;ddb04ama1022d;ddb04ama1222n;ddb04ama1222r;ddb04ama1322n;ddb04ama1322r;ddb04ama1s22n;ddb04ama1s22r;ddb04are1022d;ddb04are1222n;ddb04are1222r;ddb04are1322n;ddb04are1322r;ddb04are1s22n;ddb04are1s22r;ddb05ama1022d;ddb05ama1222n;ddb05ama1222r;ddb05ama1322n;ddb05ama1322r;ddb05ama1s22n;ddb05ama1s22r;ddb05are1022d;ddb05are1222n;ddb05are1222r;ddb05are1322n;ddb05are1322r;ddb05are1s22n;ddb05are1s22r;ddb05asc1022d;ddb05asc1222n;ddb05asc1222r;ddb05asc1322n;ddb05asc1322r;ddb05asc1s22n;ddb05asc1s22r;ddb06ama1022d;ddb06ama1222n;ddb06ama1222r;ddb06ama1322n;ddb06ama1322r;ddb06ama1s22n;ddb06ama1s22r;ddb06are1022d;ddb06are1222n;ddb06are1222r;ddb06are1322n;ddb06are1322r;ddb06are1s22n;ddb06are1s22r;ddb07ama1022d;ddb07ama1222n;ddb07ama1222r;ddb07ama1322n;ddb07ama1322r;ddb07ama1s22n;ddb07ama1s22r;ddb07are1022d;ddb07are1222n;ddb07are1222r;ddb07are1322n;ddb07are1322r;ddb07are1s22n;ddb07are1s22r;ddb08ama1022d;ddb08ama1222n;ddb08ama1222r;ddb08ama1322n;ddb08ama1322r;ddb08ama1s22n;ddb08ama1s22r;ddb08are1022d;ddb08are1222n;ddb08are1222r;ddb08are1322n;ddb08are1322r;ddb08are1s22n;ddb08are1s22r;ddb08asc1022d;ddb08asc1222n;ddb08asc1222r;ddb08asc1322n;ddb08asc1322r;ddb08asc1s22n;ddb08asc1s22r;ddb08ass1022d;ddb08ass1222n;ddb08ass1222r;ddb08ass1322n;ddb08ass1322r;ddb08ass1s22n;ddb08ass1s22r;dde03ama1022d;dde03ama1222n;dde03ama1222r;dde03ama1322n;dde03ama1322r;dde03ama1s22n;dde03ama1s22r;dde03are1022d;dde03are1222n;dde03are1222r;dde03are1322n;dde03are1322r;dde03are1s22n;dde03are1s22r;dde04ama1022d;dde04ama1222n;dde04ama1222r;dde04ama1322n;dde04ama1322r;dde04ama1s22n;dde04ama1s22r;dde04are1022d;dde04are1222n;dde04are1222r;dde04are1322n;dde04are1322r;dde04are1s22n;dde04are1s22r;dde05ama1022d;dde05ama1222n;dde05ama1222r;dde05ama1322n;dde05ama1322r;dde05ama1s22n;dde05ama1s22r;dde05are1022d;dde05are1222n;dde05are1222r;dde05are1322n;dde05are1322r;dde05are1s22n;dde05are1s22r;dde05asc1022d;dde05asc1222n;dde05asc1222r;dde05asc1322n;dde05asc1322r;dde05asc1s22n;dde05asc1s22r;dde06ama1022d;dde06ama1222n;dde06ama1222r;dde06ama1322n;dde06ama1322r;dde06ama1s22n;dde06ama1s22r;dde06are1022d;dde06are1222n;dde06are1222r;dde06are1322n;dde06are1322r;dde06are1s22n;dde06are1s22r;dde07ama1022d;dde07ama1222n;dde07ama1222r;dde07ama1322n;dde07ama1322r;dde07ama1s22n;dde07ama1s22r;dde07are1022d;dde07are1222n;dde07are1222r;dde07are1322n;dde07are1322r;dde07are1s22n;dde07are1s22r;dde08ama1022d;dde08ama1222n;dde08ama1222r;dde08ama1322n;dde08ama1322r;dde08ama1s22n;dde08ama1s22r;dde08are1022d;dde08are1222n;dde08are1222r;dde08are1322n;dde08are1322r;dde08are1s22n;dde08are1s22r;dde08asc1022d;dde08asc1222n;dde08asc1222r;dde08asc1322n;dde08asc1322r;dde08asc1s22n;dde08asc1s22r;dde08ass1022d;dde08ass1222n;dde08ass1222r;dde08ass1322n;dde08ass1322r;dde08ass1s22n;dde08ass1s22r;ddf03ama1022d;ddf03ama1222n;ddf03ama1222r;ddf03ama1322n;ddf03ama1322r;ddf03ama1s22n;ddf03ama1s22r;ddf03are1022d;ddf03are1222n;ddf03are1222r;ddf03are1322n;ddf03are1322r;ddf03are1s22n;ddf03are1s22r;ddf04ama1022d;ddf04ama1222n;ddf04ama1222r;ddf04ama1322n;ddf04ama1322r;ddf04ama1s22n;ddf04ama1s22r;ddf04are1022d;ddf04are1222n;ddf04are1222r;ddf04are1322n;ddf04are1322r;ddf04are1s22n;ddf04are1s22r;ddf05ama1022d;ddf05ama1222n;ddf05ama1222r;ddf05ama1322n;ddf05ama1322r;ddf05ama1s22n;ddf05ama1s22r;ddf05are1022d;ddf05are1222n;ddf05are1222r;ddf05are1322n;ddf05are1322r;ddf05are1s22n;ddf05are1s22r;ddf05asc1022d;ddf05asc1222n;ddf05asc1222r;ddf05asc1322n;ddf05asc1322r;ddf05asc1s22n;ddf05asc1s22r;ddf06ama1022d;ddf06ama1222n;ddf06ama1222r;ddf06ama1322n;ddf06ama1322r;ddf06ama1s22n;ddf06ama1s22r;ddf06are1022d;ddf06are1222n;ddf06are1222r;ddf06are1322n;ddf06are1322r;ddf06are1s22n;ddf06are1s22r;ddf07ama1022d;ddf07ama1222n;ddf07ama1222r;ddf07ama1322n;ddf07ama1322r;ddf07ama1s22n;ddf07ama1s22r;ddf07are1022d;ddf07are1222n;ddf07are1222r;ddf07are1322n;ddf07are1322r;ddf07are1s22n;ddf07are1s22r;ddf08ama1022d;ddf08ama1222n;ddf08ama1222r;ddf08ama1322n;ddf08ama1322r;ddf08ama1s22n;ddf08ama1s22r;ddf08are1022d;ddf08are1222n;ddf08are1222r;ddf08are1322n;ddf08are1322r;ddf08are1s22n;ddf08are1s22r;ddf08asc1022d;ddf08asc1222n;ddf08asc1222r;ddf08asc1322n;ddf08asc1322r;ddf08asc1s22n;ddf08asc1s22r;ddf08ass1022d;ddf08ass1222n;ddf08ass1222r;ddf08ass1322n;ddf08ass1322r;ddf08ass1s22n;ddf08ass1s22r;ddh03ama1022d;ddh03ama1222n;ddh03ama1222r;ddh03ama1322n;ddh03ama1322r;ddh03ama1s22n;ddh03ama1s22r;ddh03are1022d;ddh03are1222n;ddh03are1222r;ddh03are1322n;ddh03are1322r;ddh03are1s22n;ddh03are1s22r;ddh04ama1022d;ddh04ama1222n;ddh04ama1222r;ddh04ama1322n;ddh04ama1322r;ddh04ama1s22n;ddh04ama1s22r;ddh04are1022d;ddh04are1222n;ddh04are1222r;ddh04are1322n;ddh04are1322r;ddh04are1s22n;ddh04are1s22r;ddh05ama1022d;ddh05ama1222n;ddh05ama1222r;ddh05ama1322n;ddh05ama1322r;ddh05ama1s22n;ddh05ama1s22r;ddh05are1022d;ddh05are1222n;ddh05are1222r;ddh05are1322n;ddh05are1322r;ddh05are1s22n;ddh05are1s22r;ddh05asc1022d;ddh05asc1222n;ddh05asc1222r;ddh05asc1322n;ddh05asc1322r;ddh05asc1s22n;ddh05asc1s22r;ddh06ama1022d;ddh06ama1222n;ddh06ama1222r;ddh06ama1322n;ddh06ama1322r;ddh06ama1s22n;ddh06ama1s22r;ddh06are1022d;ddh06are1222n;ddh06are1222r;ddh06are1322n;ddh06are1322r;ddh06are1s22n;ddh06are1s22r;ddh07ama1022d;ddh07ama1222n;ddh07ama1222r;ddh07ama1322n;ddh07ama1322r;ddh07ama1s22n;ddh07ama1s22r;ddh07are1022d;ddh07are1222n;ddh07are1222r;ddh07are1322n;ddh07are1322r;ddh07are1s22n;ddh07are1s22r;ddh08ama1022d;ddh08ama1222n;ddh08ama1222r;ddh08ama1322n;ddh08ama1322r;ddh08ama1s22n;ddh08ama1s22r;ddh08are1022d;ddh08are1222n;ddh08are1222r;ddh08are1322n;ddh08are1322r;ddh08are1s22n;ddh08are1s22r;ddh08asc1022d;ddh08asc1222n;ddh08asc1222r;ddh08asc1322n;ddh08asc1322r;ddh08asc1s22n;ddh08asc1s22r;ddh08ass1022d;ddh08ass1222n;ddh08ass1222r;ddh08ass1322n;ddh08ass1322r;ddh08ass1s22n;ddh08ass1s22r;ddi03ama1022d;ddi03ama1222n;ddi03ama1222r;ddi03ama1322n;ddi03ama1322r;ddi03ama1s22n;ddi03ama1s22r;ddi03are1022d;ddi03are1222n;ddi03are1222r;ddi03are1322n;ddi03are1322r;ddi03are1s22n;ddi03are1s22r;ddi04ama1022d;ddi04ama1222n;ddi04ama1222r;ddi04ama1322n;ddi04ama1322r;ddi04ama1s22n;ddi04ama1s22r;ddi04are1022d;ddi04are1222n;ddi04are1222r;ddi04are1322n;ddi04are1322r;ddi04are1s22n;ddi04are1s22r;ddi05ama1022d;ddi05ama1222n;ddi05ama1222r;ddi05ama1322n;ddi05ama1322r;ddi05ama1s22n;ddi05ama1s22r;ddi05are1022d;ddi05are1222n;ddi05are1222r;ddi05are1322n;ddi05are1322r;ddi05are1s22n;ddi05are1s22r;ddi05asc1022d;ddi05asc1222n;ddi05asc1222r;ddi05asc1322n;ddi05asc1322r;ddi05asc1s22n;ddi05asc1s22r;ddi06ama1022d;ddi06ama1222n;ddi06ama1222r;ddi06ama1322n;ddi06ama1322r;ddi06ama1s22n;ddi06ama1s22r;ddi06are1022d;ddi06are1222n;ddi06are1222r;ddi06are1322n;ddi06are1322r;ddi06are1s22n;ddi06are1s22r;ddi07ama1022d;ddi07ama1222n;ddi07ama1222r;ddi07ama1322n;ddi07ama1322r;ddi07ama1s22n;ddi07ama1s22r;ddi07are1022d;ddi07are1222n;ddi07are1222r;ddi07are1322n;ddi07are1322r;ddi07are1s22n;ddi07are1s22r;ddi08ama1022d;ddi08ama1222n;ddi08ama1222r;ddi08ama1322n;ddi08ama1322r;ddi08ama1s22n;ddi08ama1s22r;ddi08are1022d;ddi08are1222n;ddi08are1222r;ddi08are1322n;ddi08are1322r;ddi08are1s22n;ddi08are1s22r;ddi08asc1022d;ddi08asc1222n;ddi08asc1222r;ddi08asc1322n;ddi08asc1322r;ddi08asc1s22n;ddi08asc1s22r;ddi08ass1022d;ddi08ass1222n;ddi08ass1222r;ddi08ass1322n;ddi08ass1322r;ddi08ass1s22n;ddi08ass1s22r;ddl03ama1022d;ddl03ama1222n;ddl03ama1222r;ddl03ama1322n;ddl03ama1322r;ddl03ama1s22n;ddl03ama1s22r;ddl03are1022d;ddl03are1222n;ddl03are1222r;ddl03are1322n;ddl03are1322r;ddl03are1s22n;ddl03are1s22r;ddl04ama1022d;ddl04ama1222n;ddl04ama1222r;ddl04ama1322n;ddl04ama1322r;ddl04ama1s22n;ddl04ama1s22r;ddl04are1022d;ddl04are1222n;ddl04are1222r;ddl04are1322n;ddl04are1322r;ddl04are1s22n;ddl04are1s22r;ddl05ama1022d;ddl05ama1222n;ddl05ama1222r;ddl05ama1322n;ddl05ama1322r;ddl05ama1s22n;ddl05ama1s22r;ddl05are1022d;ddl05are1222n;ddl05are1222r;ddl05are1322n;ddl05are1322r;ddl05are1s22n;ddl05are1s22r;ddl05asc1022d;ddl05asc1222n;ddl05asc1222r;ddl05asc1322n;ddl05asc1322r;ddl05asc1s22n;ddl05asc1s22r;ddl06ama1022d;ddl06ama1222n;ddl06ama1222r;ddl06ama1322n;ddl06ama1322r;ddl06ama1s22n;ddl06ama1s22r;ddl06are1022d;ddl06are1222n;ddl06are1222r;ddl06are1322n;ddl06are1322r;ddl06are1s22n;ddl06are1s22r;ddl07ama1022d;ddl07ama1222n;ddl07ama1222r;ddl07ama1322n;ddl07ama1322r;ddl07ama1s22n;ddl07ama1s22r;ddl07are1022d;ddl07are1222n;ddl07are1222r;ddl07are1322n;ddl07are1322r;ddl07are1s22n;ddl07are1s22r;ddl08ama1022d;ddl08ama1222n;ddl08ama1222r;ddl08ama1322n;ddl08ama1322r;ddl08ama1s22n;ddl08ama1s22r;ddl08are1022d;ddl08are1222n;ddl08are1222r;ddl08are1322n;ddl08are1322r;ddl08are1s22n;ddl08are1s22r;ddl08asc1022d;ddl08asc1222n;ddl08asc1222r;ddl08asc1322n;ddl08asc1322r;ddl08asc1s22n;ddl08asc1s22r;ddl08ass1022d;ddl08ass1222n;ddl08ass1222r;ddl08ass1322n;ddl08ass1322r;ddl08ass1s22n;ddl08ass1s22r;ddm03ama1022d;ddm03ama1222n;ddm03ama1222r;ddm03ama1322n;ddm03ama1322r;ddm03ama1s22n;ddm03ama1s22r;ddm03are1022d;ddm03are1222n;ddm03are1222r;ddm03are1322n;ddm03are1322r;ddm03are1s22n;ddm03are1s22r;ddm04ama1022d;ddm04ama1222n;ddm04ama1222r;ddm04ama1322n;ddm04ama1322r;ddm04ama1s22n;ddm04ama1s22r;ddm04are1022d;ddm04are1222n;ddm04are1222r;ddm04are1322n;ddm04are1322r;ddm04are1s22n;ddm04are1s22r;ddm05ama1022d;ddm05ama1222n;ddm05ama1222r;ddm05ama1322n;ddm05ama1322r;ddm05ama1s22n;ddm05ama1s22r;ddm05are1022d;ddm05are1222n;ddm05are1222r;ddm05are1322n;ddm05are1322r;ddm05are1s22n;ddm05are1s22r;ddm05asc1022d;ddm05asc1222n;ddm05asc1222r;ddm05asc1322n;ddm05asc1322r;ddm05asc1s22n;ddm05asc1s22r;ddm06ama1022d;ddm06ama1222n;ddm06ama1222r;ddm06ama1322n;ddm06ama1322r;ddm06ama1s22n;ddm06ama1s22r;ddm06are1022d;ddm06are1222n;ddm06are1222r;ddm06are1322n;ddm06are1322r;ddm06are1s22n;ddm06are1s22r;ddm07ama1022d;ddm07ama1222n;ddm07ama1222r;ddm07ama1322n;ddm07ama1322r;ddm07ama1s22n;ddm07ama1s22r;ddm07are1022d;ddm07are1222n;ddm07are1222r;ddm07are1322n;ddm07are1322r;ddm07are1s22n;ddm07are1s22r;ddm08ama1022d;ddm08ama1222n;ddm08ama1222r;ddm08ama1322n;ddm08ama1322r;ddm08ama1s22n;ddm08ama1s22r;ddm08are1022d;ddm08are1222n;ddm08are1222r;ddm08are1322n;ddm08are1322r;ddm08are1s22n;ddm08are1s22r;ddm08asc1022d;ddm08asc1222n;ddm08asc1222r;ddm08asc1322n;ddm08asc1322r;ddm08asc1s22n;ddm08asc1s22r;ddm08ass1022d;ddm08ass1222n;ddm08ass1222r;ddm08ass1322n;ddm08ass1322r;ddm08ass1s22n;ddm08ass1s22r;ddr03ama1022d;ddr03ama1222n;ddr03ama1222r;ddr03ama1322n;ddr03ama1322r;ddr03ama1s22n;ddr03ama1s22r;ddr03are1022d;ddr03are1222n;ddr03are1222r;ddr03are1322n;ddr03are1322r;ddr03are1s22n;ddr03are1s22r;ddr04ama1022d;ddr04ama1222n;ddr04ama1222r;ddr04ama1322n;ddr04ama1322r;ddr04ama1s22n;ddr04ama1s22r;ddr04are1022d;ddr04are1222n;ddr04are1222r;ddr04are1322n;ddr04are1322r;ddr04are1s22n;ddr04are1s22r;ddr05ama1022d;ddr05ama1222n;ddr05ama1222r;ddr05ama1322n;ddr05ama1322r;ddr05ama1s22n;ddr05ama1s22r;ddr05are1022d;ddr05are1222n;ddr05are1222r;ddr05are1322n;ddr05are1322r;ddr05are1s22n;ddr05are1s22r;ddr05asc1022d;ddr05asc1222n;ddr05asc1222r;ddr05asc1322n;ddr05asc1322r;ddr05asc1s22n;ddr05asc1s22r;ddr06ama1022d;ddr06ama1222n;ddr06ama1222r;ddr06ama1322n;ddr06ama1322r;ddr06ama1s22n;ddr06ama1s22r;ddr06are1022d;ddr06are1222n;ddr06are1222r;ddr06are1322n;ddr06are1322r;ddr06are1s22n;ddr06are1s22r;ddr07ama1022d;ddr07ama1222n;ddr07ama1222r;ddr07ama1322n;ddr07ama1322r;ddr07ama1s22n;ddr07ama1s22r;ddr07are1022d;ddr07are1222n;ddr07are1222r;ddr07are1322n;ddr07are1322r;ddr07are1s22n;ddr07are1s22r;ddr08ama1022d;ddr08ama1222n;ddr08ama1222r;ddr08ama1322n;ddr08ama1322r;ddr08ama1s22n;ddr08ama1s22r;ddr08are1022d;ddr08are1222n;ddr08are1222r;ddr08are1322n;ddr08are1322r;ddr08are1s22n;ddr08are1s22r;ddr08asc1022d;ddr08asc1222n;ddr08asc1222r;ddr08asc1322n;ddr08asc1322r;ddr08asc1s22n;ddr08asc1s22r;ddr08ass1022d;ddr08ass1222n;ddr08ass1222r;ddr08ass1322n;ddr08ass1322r;ddr08ass1s22n;ddr08ass1s22r;dds03ama1022d;dds03ama1222n;dds03ama1222r;dds03ama1322n;dds03ama1322r;dds03ama1s22n;dds03ama1s22r;dds03are1022d;dds03are1222n;dds03are1222r;dds03are1322n;dds03are1322r;dds03are1s22n;dds03are1s22r;dds04ama1022d;dds04ama1222n;dds04ama1222r;dds04ama1322n;dds04ama1322r;dds04ama1s22n;dds04ama1s22r;dds04are1022d;dds04are1222n;dds04are1222r;dds04are1322n;dds04are1322r;dds04are1s22n;dds04are1s22r;dds05ama1022d;dds05ama1222n;dds05ama1222r;dds05ama1322n;dds05ama1322r;dds05ama1s22n;dds05ama1s22r;dds05are1022d;dds05are1222n;dds05are1222r;dds05are1322n;dds05are1322r;dds05are1s22n;dds05are1s22r;dds05asc1022d;dds05asc1222n;dds05asc1222r;dds05asc1322n;dds05asc1322r;dds05asc1s22n;dds05asc1s22r;dds06ama1022d;dds06ama1222n;dds06ama1222r;dds06ama1322n;dds06ama1322r;dds06ama1s22n;dds06ama1s22r;dds06are1022d;dds06are1222n;dds06are1222r;dds06are1322n;dds06are1322r;dds06are1s22n;dds06are1s22r;dds07ama1022d;dds07ama1222n;dds07ama1222r;dds07ama1322n;dds07ama1322r;dds07ama1s22n;dds07ama1s22r;dds07are1022d;dds07are1222n;dds07are1222r;dds07are1322n;dds07are1322r;dds07are1s22n;dds07are1s22r;dds08ama1022d;dds08ama1222n;dds08ama1222r;dds08ama1322n;dds08ama1322r;dds08ama1s22n;dds08ama1s22r;dds08are1022d;dds08are1222n;dds08are1222r;dds08are1322n;dds08are1322r;dds08are1s22n;dds08are1s22r;dds08asc1022d;dds08asc1222n;dds08asc1222r;dds08asc1322n;dds08asc1322r;dds08asc1s22n;dds08asc1s22r;dds08ass1022d;dds08ass1222n;dds08ass1222r;dds08ass1322n;dds08ass1322r;dds08ass1s22n;dds08ass1s22r;ddw03ama1022d;ddw03ama1222n;ddw03ama1222r;ddw03ama1322n;ddw03ama1322r;ddw03ama1s22n;ddw03ama1s22r;ddw03are1022d;ddw03are1222n;ddw03are1222r;ddw03are1322n;ddw03are1322r;ddw03are1s22n;ddw03are1s22r;ddw04ama1022d;ddw04ama1222n;ddw04ama1222r;ddw04ama1322n;ddw04ama1322r;ddw04ama1s22n;ddw04ama1s22r;ddw04are1022d;ddw04are1222n;ddw04are1222r;ddw04are1322n;ddw04are1322r;ddw04are1s22n;ddw04are1s22r;ddw05ama1022d;ddw05ama1222n;ddw05ama1222r;ddw05ama1322n;ddw05ama1322r;ddw05ama1s22n;ddw05ama1s22r;ddw05are1022d;ddw05are1222n;ddw05are1222r;ddw05are1322n;ddw05are1322r;ddw05are1s22n;ddw05are1s22r;ddw05asc1022d;ddw05asc1222n;ddw05asc1222r;ddw05asc1322n;ddw05asc1322r;ddw05asc1s22n;ddw05asc1s22r;ddw06ama1022d;ddw06ama1222n;ddw06ama1222r;ddw06ama1322n;ddw06ama1322r;ddw06ama1s22n;ddw06ama1s22r;ddw06are1022d;ddw06are1222n;ddw06are1222r;ddw06are1322n;ddw06are1322r;ddw06are1s22n;ddw06are1s22r;ddw07ama1022d;ddw07ama1222n;ddw07ama1222r;ddw07ama1322n;ddw07ama1322r;ddw07ama1s22n;ddw07ama1s22r;ddw07are1022d;ddw07are1222n;ddw07are1222r;ddw07are1322n;ddw07are1322r;ddw07are1s22n;ddw07are1s22r;ddw08ama1022d;ddw08ama1222n;ddw08ama1222r;ddw08ama1322n;ddw08ama1322r;ddw08ama1s22n;ddw08ama1s22r;ddw08are1022d;ddw08are1222n;ddw08are1222r;ddw08are1322n;ddw08are1322r;ddw08are1s22n;ddw08are1s22r;ddw08asc1022d;ddw08asc1222n;ddw08asc1222r;ddw08asc1322n;ddw08asc1322r;ddw08asc1s22n;ddw08asc1s22r;ddw08ass1022d;ddw08ass1222n;ddw08ass1222r;ddw08ass1322n;ddw08ass1322r;ddw08ass1s22n;ddw08ass1s22r;distname;district;dnc03ama1022d;dnc03ama1222n;dnc03ama1222r;dnc03ama1322n;dnc03ama1322r;dnc03ama1s22n;dnc03ama1s22r;dnc03are1022d;dnc03are1222n;dnc03are1222r;dnc03are1322n;dnc03are1322r;dnc03are1s22n;dnc03are1s22r;dnc04ama1022d;dnc04ama1222n;dnc04ama1222r;dnc04ama1322n;dnc04ama1322r;dnc04ama1s22n;dnc04ama1s22r;dnc04are1022d;dnc04are1222n;dnc04are1222r;dnc04are1322n;dnc04are1322r;dnc04are1s22n;dnc04are1s22r;dnc05ama1022d;dnc05ama1222n;dnc05ama1222r;dnc05ama1322n;dnc05ama1322r;dnc05ama1s22n;dnc05ama1s22r;dnc05are1022d;dnc05are1222n;dnc05are1222r;dnc05are1322n;dnc05are1322r;dnc05are1s22n;dnc05are1s22r;dnc05asc1022d;dnc05asc1222n;dnc05asc1222r;dnc05asc1322n;dnc05asc1322r;dnc05asc1s22n;dnc05asc1s22r;dnc06ama1022d;dnc06ama1222n;dnc06ama1222r;dnc06ama1322n;dnc06ama1322r;dnc06ama1s22n;dnc06ama1s22r;dnc06are1022d;dnc06are1222n;dnc06are1222r;dnc06are1322n;dnc06are1322r;dnc06are1s22n;dnc06are1s22r;dnc07ama1022d;dnc07ama1222n;dnc07ama1222r;dnc07ama1322n;dnc07ama1322r;dnc07ama1s22n;dnc07ama1s22r;dnc07are1022d;dnc07are1222n;dnc07are1222r;dnc07are1322n;dnc07are1322r;dnc07are1s22n;dnc07are1s22r;dnc08ama1022d;dnc08ama1222n;dnc08ama1222r;dnc08ama1322n;dnc08ama1322r;dnc08ama1s22n;dnc08ama1s22r;dnc08are1022d;dnc08are1222n;dnc08are1222r;dnc08are1322n;dnc08are1322r;dnc08are1s22n;dnc08are1s22r;dnc08asc1022d;dnc08asc1222n;dnc08asc1222r;dnc08asc1322n;dnc08asc1322r;dnc08asc1s22n;dnc08asc1s22r;dnc08ass1022d;dnc08ass1222n;dnc08ass1222r;dnc08ass1322n;dnc08ass1322r;dnc08ass1s22n;dnc08ass1s22r;dnm03ama1022d;dnm03ama1222n;dnm03ama1222r;dnm03ama1322n;dnm03ama1322r;dnm03ama1s22n;dnm03ama1s22r;dnm03are1022d;dnm03are1222n;dnm03are1222r;dnm03are1322n;dnm03are1322r;dnm03are1s22n;dnm03are1s22r;dnm04ama1022d;dnm04ama1222n;dnm04ama1222r;dnm04ama1322n;dnm04ama1322r;dnm04ama1s22n;dnm04ama1s22r;dnm04are1022d;dnm04are1222n;dnm04are1222r;dnm04are1322n;dnm04are1322r;dnm04are1s22n;dnm04are1s22r;dnm05ama1022d;dnm05ama1222n;dnm05ama1222r;dnm05ama1322n;dnm05ama1322r;dnm05ama1s22n;dnm05ama1s22r;dnm05are1022d;dnm05are1222n;dnm05are1222r;dnm05are1322n;dnm05are1322r;dnm05are1s22n;dnm05are1s22r;dnm05asc1022d;dnm05asc1222n;dnm05asc1222r;dnm05asc1322n;dnm05asc1322r;dnm05asc1s22n;dnm05asc1s22r;dnm06ama1022d;dnm06ama1222n;dnm06ama1222r;dnm06ama1322n;dnm06ama1322r;dnm06ama1s22n;dnm06ama1s22r;dnm06are1022d;dnm06are1222n;dnm06are1222r;dnm06are1322n;dnm06are1322r;dnm06are1s22n;dnm06are1s22r;dnm07ama1022d;dnm07ama1222n;dnm07ama1222r;dnm07ama1322n;dnm07ama1322r;dnm07ama1s22n;dnm07ama1s22r;dnm07are1022d;dnm07are1222n;dnm07are1222r;dnm07are1322n;dnm07are1322r;dnm07are1s22n;dnm07are1s22r;dnm08ama1022d;dnm08ama1222n;dnm08ama1222r;dnm08ama1322n;dnm08ama1322r;dnm08ama1s22n;dnm08ama1s22r;dnm08are1022d;dnm08are1222n;dnm08are1222r;dnm08are1322n;dnm08are1322r;dnm08are1s22n;dnm08are1s22r;dnm08asc1022d;dnm08asc1222n;dnm08asc1222r;dnm08asc1322n;dnm08asc1322r;dnm08asc1s22n;dnm08asc1s22r;dnm08ass1022d;dnm08ass1222n;dnm08ass1222r;dnm08ass1322n;dnm08ass1322r;dnm08ass1s22n;dnm08ass1s22r;dns03ama1022d;dns03ama1222n;dns03ama1222r;dns03ama1322n;dns03ama1322r;dns03ama1s22n;dns03ama1s22r;dns03are1022d;dns03are1222n;dns03are1222r;dns03are1322n;dns03are1322r;dns03are1s22n;dns03are1s22r;dns04ama1022d;dns04ama1222n;dns04ama1222r;dns04ama1322n;dns04ama1322r;dns04ama1s22n;dns04ama1s22r;dns04are1022d;dns04are1222n;dns04are1222r;dns04are1322n;dns04are1322r;dns04are1s22n;dns04are1s22r;dns05ama1022d;dns05ama1222n;dns05ama1222r;dns05ama1322n;dns05ama1322r;dns05ama1s22n;dns05ama1s22r;dns05are1022d;dns05are1222n;dns05are1222r;dns05are1322n;dns05are1322r;dns05are1s22n;dns05are1s22r;dns05asc1022d;dns05asc1222n;dns05asc1222r;dns05asc1322n;dns05asc1322r;dns05asc1s22n;dns05asc1s22r;dns06ama1022d;dns06ama1222n;dns06ama1222r;dns06ama1322n;dns06ama1322r;dns06ama1s22n;dns06ama1s22r;dns06are1022d;dns06are1222n;dns06are1222r;dns06are1322n;dns06are1322r;dns06are1s22n;dns06are1s22r;dns07ama1022d;dns07ama1222n;dns07ama1222r;dns07ama1322n;dns07ama1322r;dns07ama1s22n;dns07ama1s22r;dns07are1022d;dns07are1222n;dns07are1222r;dns07are1322n;dns07are1322r;dns07are1s22n;dns07are1s22r;dns08ama1022d;dns08ama1222n;dns08ama1222r;dns08ama1322n;dns08ama1322r;dns08ama1s22n;dns08ama1s22r;dns08are1022d;dns08are1222n;dns08are1222r;dns08are1322n;dns08are1322r;dns08are1s22n;dns08are1s22r;dns08asc1022d;dns08asc1222n;dns08asc1222r;dns08asc1322n;dns08asc1322r;dns08asc1s22n;dns08asc1s22r;dns08ass1022d;dns08ass1222n;dns08ass1222r;dns08ass1322n;dns08ass1322r;dns08ass1s22n;dns08ass1s22r,
SCUC Data Analysis/data/STAAR_Performance_2016.csv,data,1,85,d200a001s16r;d200ac01s16r;d200am01s16r;d200ar01s16r;d200as01s16r;d200aw01s16r;d300a001s16r;d300ac01s16r;d300am01s16r;d300ar01s16r;d300as01s16r;d300aw01s16r;d400a001s16r;d400ac01s16r;d400am01s16r;d400ar01s16r;d400as01s16r;d400aw01s16r;da00a001s16r;da00ac01s16r;da00am01s16r;da00ar01s16r;da00as01s16r;da00aw01s16r;db00a001s16r;db00ac01s16r;db00am01s16r;db00ar01s16r;db00as01s16r;db00aw01s16r;de00a001s16r;de00ac01s16r;de00am01s16r;de00ar01s16r;de00as01s16r;de00aw01s16r;df00a001s16r;df00ac01s16r;df00am01s16r;df00ar01s16r;df00as01s16r;df00aw01s16r;dh00a001s16r;dh00ac01s16r;dh00am01s16r;dh00ar01s16r;dh00as01s16r;dh00aw01s16r;di00a001s16r;di00ac01s16r;di00am01s16r;di00ar01s16r;di00as01s16r;di00aw01s16r;district;dl00a001s16r;dl00ac01s16r;dl00am01s16r;dl00ar01s16r;dl00as01s16r;dl00aw01s16r;dm00a001s16r;dm00ac01s16r;dm00am01s16r;dm00ar01s16r;dm00as01s16r;dm00aw01s16r;dr00a001s16r;dr00ac01s16r;dr00am01s16r;dr00ar01s16r;dr00as01s16r;dr00aw01s16r;ds00a001s16r;ds00ac01s16r;ds00am01s16r;ds00ar01s16r;ds00as01s16r;ds00aw01s16r;dw00a001s16r;dw00ac01s16r;dw00am01s16r;dw00ar01s16r;dw00as01s16r;dw00aw01s16r,
SCUC Data Analysis/data/scuc-tapr-2023.xlsx,Sheet1,140,19,;african_american;american_indian;asian;continu_ously_enrolled;district;eb_el_current_monitored;econ_disadv;hispanic;non_continu_ously_enrolled;pacific_islander;region_20;school_year;special_ed_current;special_ed_former;state;two_or_more_races;white;x,
SCUC Data Analysis/data/scuc-xmr-charts-2016-2022.xlsx,2016-2022 STAAR XmR Chart Data,56,9,approaches;approaches_only;failing;masters;masters_only;meets;meets_only;subject;year_end,
SCUC Data Analysis/data/scuc-xmr-charts-2016-2022.xlsx,2016-2022 XmR all sub apponly,26,18,1_sigma;1_sigma;1_sigma;1_sigma;2_sigma;2_sigma;2_sigma;2_sigma;approaches_only;average;average;lastcell;lcl;lcl;range;ucl;ucl;year_end,
SCUC Data Analysis/data/scuc-xmr-charts-2016-2022.xlsx,2016-2022 XmR all sub mt only,26,18,1_sigma;1_sigma;1_sigma;1_sigma;2_sigma;2_sigma;2_sigma;2_sigma;average;average;lastcell;lcl;lcl;meets_only;range;ucl;ucl;year_end,
SCUC Data Analysis/data/scuc-xmr-charts-2016-2022.xlsx,2016-2022 XmR all sub mstr only,26,18,1_sigma;1_sigma;1_sigma;1_sigma;2_sigma;2_sigma;2_sigma;2_sigma;average;average;lastcell;lcl;lcl;masters_only;range;ucl;ucl;year_end,
SCUC Data Analysis/data/scuc-xmr-charts-2016-2022.xlsx,2016-2022 XmR math approach+,26,18,1_sigma;1_sigma;1_sigma;1_sigma;2_sigma;2_sigma;2_sigma;2_sigma;approaches;average;average;lastcell;lcl;lcl;range;ucl;ucl;year_end,
SCUC Data Analysis/data/scuc-xmr-charts-2016-2022.xlsx,2016-2022 XmR math approachonly,26,18,1_sigma;1_sigma;1_sigma;1_sigma;2_sigma;2_sigma;2_sigma;2_sigma;approaches_only;average;average;lastcell;lcl;lcl;range;ucl;ucl;year_end,
SCUC Data Analysis/data/scuc-xmr-charts-2016-2022.xlsx,2016-2022 XmR math meetsonly,26,18,1_sigma;1_sigma;1_sigma;1_sigma;2_sigma;2_sigma;2_sigma;2_sigma;average;average;lastcell;lcl;lcl;meets_only;range;ucl;ucl;year_end,
SCUC Data Analysis/data/scuc-xmr-charts-2016-2022.xlsx,2016-2022 XmR math mastersonly,26,18,1_sigma;1_sigma;1_sigma;1_sigma;2_sigma;2_sigma;2_sigma;2_sigma;average;average;lastcell;lcl;lcl;masters_only;range;ucl;ucl;year_end,
SCUC Data Analysis/data/scuc-xmr-charts-2016-2022.xlsx,2016-2022 XmR math failing,26,18,1_sigma;1_sigma;1_sigma;1_sigma;2_sigma;2_sigma;2_sigma;2_sigma;average;average;failing;lastcell;lcl;lcl;range;ucl;ucl;year_end,
SCUC Data Analysis/data/scuc-xmr-charts-2016-2022.xlsx,2016-2022 STAAR all_subj combin,26,18,1_sigma;1_sigma;1_sigma;1_sigma;2_sigma;2_sigma;2_sigma;2_sigma;approaches;average;average;lastcell;lcl;lcl;range;ucl;ucl;year_end,
SCUC Data Analysis/data/scuc_staff_retention_rate_2021_2025.csv,data,5,2,date;value,
SCUC Data Wrangling/2004 TEA Data/2024-05-06 BACKUP-SCUC 2004 TEA TAKS Data Grades 3-11.xlsx,2004AllGradesMerged,385,7,category;grade;level_achieved;subject;tea_id;value;yr,
SCUC Data Wrangling/2004 TEA Data/2024-05-06 BACKUP-SCUC 2004 TEA TAKS Data Grades 3-11.xlsx,_2004_merged_data_grade_3,33,7,category;grade;level_achieved;subject;tea_id;value;yr,
SCUC Data Wrangling/2004 TEA Data/2024-05-06 BACKUP-SCUC 2004 TEA TAKS Data Grades 3-11.xlsx,_2004_merged_data_grade_4,44,7,category;grade;level_achieved;subject;tea_id;value;yr,
SCUC Data Wrangling/2004 TEA Data/2024-05-06 BACKUP-SCUC 2004 TEA TAKS Data Grades 3-11.xlsx,_2004_merged_data_grade_5,44,7,category;grade;level_achieved;subject;tea_id;value;yr,
SCUC Data Wrangling/2004 TEA Data/2024-05-06 BACKUP-SCUC 2004 TEA TAKS Data Grades 3-11.xlsx,_2004_merged_data_grade_6,33,7,category;grade;level_achieved;subject;tea_id;value;yr,
SCUC Data Wrangling/2004 TEA Data/2024-05-06 BACKUP-SCUC 2004 TEA TAKS Data Grades 3-11.xlsx,_2004_merged_data_grades_7and8,88,7,category;grade;level_achieved;subject;tea_id;value;yr,
SCUC Data Wrangling/2004 TEA Data/2024-05-06 BACKUP-SCUC 2004 TEA TAKS Data Grades 3-11.xlsx,_2004_merged_data_grades_9and10,88,7,category;grade;level_achieved;subject;tea_id;value;yr,
SCUC Data Wrangling/2004 TEA Data/2024-05-06 BACKUP-SCUC 2004 TEA TAKS Data Grades 3-11.xlsx,_2004_merged_data_grade_11,55,7,category;grade;level_achieved;subject;tea_id;value;yr,
SCUC Data Wrangling/2004 TEA Data/BACKUP-SCUC 2004 TEA TAKS Data Grades 3-11.xlsx,_2004_merged_data_grade_3,33,7,category;grade;level_achieved;subject;tea_id;value;yr,
SCUC Data Wrangling/2004 TEA Data/BACKUP-SCUC 2004 TEA TAKS Data Grades 3-11.xlsx,_2004_merged_data_grade_4,44,7,category;grade;level_achieved;subject;tea_id;value;yr,
SCUC Data Wrangling/2004 TEA Data/BACKUP-SCUC 2004 TEA TAKS Data Grades 3-11.xlsx,_2004_merged_data_grade_5,44,7,category;grade;level_achieved;subject;tea_id;value;yr,
SCUC Data Wrangling/2004 TEA Data/BACKUP-SCUC 2004 TEA TAKS Data Grades 3-11.xlsx,_2004_merged_data_grade_6,33,7,category;grade;level_achieved;subject;tea_id;value;yr,
SCUC Data Wrangling/2004 TEA Data/BACKUP-SCUC 2004 TEA TAKS Data Grades 3-11.xlsx,_2004_merged_data_grades_7and8,88,7,category;grade;level_achieved;subject;tea_id;value;yr,
SCUC Data Wrangling/2004 TEA Data/BACKUP-SCUC 2004 TEA TAKS Data Grades 3-11.xlsx,_2004_merged_data_grades_9and10,88,7,category;grade;level_achieved;subject;tea_id;value;yr,
SCUC Data Wrangling/2004 TEA Data/BACKUP-SCUC 2004 TEA TAKS Data Grades 3-11.xlsx,_2004_merged_data_grade_11,55,7,category;grade;level_achieved;subject;tea_id;value;yr,
SCUC Data Wrangling/2004 TEA Data/SCUC 2004 TEA TAKS Data Grades 3-11.csv,data,385,7,category;grade;level_achieved;subject;tea_id;value;yr,
SCUC Data Wrangling/2004 TEA Data/SCUC 2004 TEA TAKS Data Grades 3-11.xlsx,2004AllGradesMerged,385,7,category;grade;level_achieved;subject;tea_id;value;yr,
SCUC Data Wrangling/2004 TEA Data/SCUC 2004 TEA TAKS Data Grades 3-11.xlsx,_2004_merged_data_grade_3,33,7,category;grade;level_achieved;subject;tea_id;value;yr,
SCUC Data Wrangling/2004 TEA Data/SCUC 2004 TEA TAKS Data Grades 3-11.xlsx,_2004_merged_data_grade_4,44,7,category;grade;level_achieved;subject;tea_id;value;yr,
SCUC Data Wrangling/2004 TEA Data/SCUC 2004 TEA TAKS Data Grades 3-11.xlsx,_2004_merged_data_grade_5,44,7,category;grade;level_achieved;subject;tea_id;value;yr,
SCUC Data Wrangling/2004 TEA Data/SCUC 2004 TEA TAKS Data Grades 3-11.xlsx,_2004_merged_data_grade_6,33,7,category;grade;level_achieved;subject;tea_id;value;yr,
SCUC Data Wrangling/2004 TEA Data/SCUC 2004 TEA TAKS Data Grades 3-11.xlsx,_2004_merged_data_grades_7and8,88,7,category;grade;level_achieved;subject;tea_id;value;yr,
SCUC Data Wrangling/2004 TEA Data/SCUC 2004 TEA TAKS Data Grades 3-11.xlsx,_2004_merged_data_grades_9and10,88,7,category;grade;level_achieved;subject;tea_id;value;yr,
SCUC Data Wrangling/2004 TEA Data/SCUC 2004 TEA TAKS Data Grades 3-11.xlsx,_2004_merged_data_grade_11,55,7,category;grade;level_achieved;subject;tea_id;value;yr,
SCUC Data Wrangling/SCUC ISD Stats & Measurement Issues/Data Analysis Items/20250323 cleaned_SCUC_Teacher-Student Relationships Surveys-WIDE.csv,data,17,5,level;percent_favorable;sense_of_belonging;survey_period;x,
SCUC Data Wrangling/SCUC ISD Stats & Measurement Issues/Data Analysis Items/20250323 cleaned_SCUC_Teacher-Student Relationships Surveys-WIDE.xlsx,cleaned_SCUC_Teacher-Student Re,17,5,level;percent_favorable;sense_of_belonging;survey_period;x,
SCUC Data Wrangling/SCUC ISD Stats & Measurement Issues/Data Analysis Items/20250324 SCUC Campus Goals 2020-2024-Not Performance.csv,data,168,18,african_american;american_indian;asian;campus;cont_enrolled;eco_disadv;el;grade;hispanic;non_cont_enrolled;overall;pacific_islander;special_ed;special_ed_former;subject;two_or_more_races;white;year,
SCUC Data Wrangling/SCUC ISD Stats & Measurement Issues/Data Analysis Items/20250324 SCUC Goals Excel File 2020-2024-Not Performance.xlsx,District Goals 2020-2024,56,15,;;;;;;;;;;;;;;schertz_cibolo_universal_city_isd,
SCUC Data Wrangling/SCUC ISD Stats & Measurement Issues/Data Analysis Items/20250324 SCUC Goals Excel File 2020-2024-Not Performance.xlsx,Campus Goals 2020-2024,168,18,african_american;american_indian;asian;campus;cont_enrolled;eco_disadv;el;grade;hispanic;non_cont_enrolled;overall;pacific_islander;special_ed;special_ed_former;subject;two_or_more_races;white;year,
SCUC Data Wrangling/SCUC ISD Stats & Measurement Issues/Data Analysis Items/20250324 SCUC Goals Excel File 2020-2024-Not Performance.xlsx,Campus Goals 2020-2024 (2),168,18,african_american;american_indian;asian;campus;cont_enrolled;eco_disadv;el;grade;hispanic;non_cont_enrolled;overall;pacific_islander;special_ed;special_ed_former;subject;two_or_more_races;white;year,
SCUC Data Wrangling/SCUC ISD Stats & Measurement Issues/Data Analysis Items/20250324 SCUC Goals Excel File 2020-2024-Not Performance.xlsx,District Goals 2020-2024 (2),56,15,;;;;;;;;;;;;;;schertz_cibolo_universal_city_isd,
SCUC Data Wrangling/SCUC ISD Stats & Measurement Issues/Data Analysis Items/20250324 cleaned_SCUC_Teacher-Student Relationships Surveys-LONG.csv,data,34,5,level;survey_period;survey_type;value;x,
SCUC Data Wrangling/SCUC ISD Stats & Measurement Issues/Data Analysis Items/20250324 survey_data_export-LONG.csv,data,34,5,level;survey_period;survey_type;value;x,
SCUC Data Wrangling/SCUC ISD Stats & Measurement Issues/Data Analysis Items/20250324 survey_data_export-WIDE.csv,data,17,5,level;percent_favorable;sense_of_belonging;survey_period;x,
SCUC Data Wrangling/SCUC ISD Stats & Measurement Issues/SCUC QIMacros Ishikawa1 Modified.xlsx,Instructions,41,4,;;instructions;qimacros,
SCUC Data Wrangling/SCUC ISD Stats & Measurement Issues/SCUC QIMacros Ishikawa1 Modified.xlsx,Outline Medium,96,22,;;;;;;;;2025_knowware;during_2013_downtime_exceeded_1000_hours;during_time_pareto_accounted_for_50_of_problem_which_was_3x_higher_than_desired_and_caused_customer_dissatisfaction;healthcare;instructions;manufacturing;marketing;problem_statement;problem_statement;process;service;style;successful_student;test,
SCUC Data Wrangling/SCUC ISD Stats & Measurement Issues/SCUC QIMacros Ishikawa1 Modified.xlsx,Fishbone Medium,0,54,;;;;;;;;;;;;;;;;;;;;;;;;;;;;;;;;;;;;;;;;;;;;;;;;;;;2025_knowware;default;test,
SCUC Data Wrangling/SCUC ISD Stats & Measurement Issues/SCUC QIMacros Ishikawa1 Modified.xlsx,Outline Large,101,24,;;;;;;;;;;2025_knowware;during_2013_downtime_exceeded_1000_hours;during_time_pareto_accounted_for_50_of_problem_which_was_3x_higher_than_desired_and_caused_customer_dissatisfaction;during_time_pareto_accounted_for_50_of_problem_which_was_3x_higher_than_desired_and_caused_customer_dissatisfaction;healthcare;instructions;manufacturing;marketing;problem_statement;problem_statement;process;service;style;test,
SCUC Data Wrangling/SCUC ISD Stats & Measurement Issues/SCUC QIMacros Ishikawa1 Modified.xlsx,Fishbone Large,0,1,2025_knowware,
SCUC Data Wrangling/SCUC ISD Stats & Measurement Issues/SCUC QIMacros Ishikawa1 Modified.xlsx,Fishbone Small,9,15,;;;;;;;;;;;;2025_knowware;free_resources;instructions,
SCUC Data Wrangling/SCUC ISD Stats & Measurement Issues/SCUC QIMacros Ishikawa1 Modified.xlsx,Love Bug Diagram,10,25,;;;;;;;;;;;;;;;;;;;;;2025_knowware;barriers;cause_and_contributing_factors;instructions,
SCUC-Book---28-Years-of-Data/data/gdp_tidy.csv,data,2387,4,country_code;country_name;value;year,
SCUC-TidyCensus/scuc_data/scuc_enrollment_acs1_table_b14001_labeled.csv,data,10,2,label;variable,
SCUC-TidyCensus/scuc_data/scuc_enrollment_acs1_table_b14001_labeled.rds,data,10,2,label;variable,
SCUC-TidyCensus/scuc_data/scuc_enrollment_acs1_table_b14001_labeled.xlsx,Sheet1,10,2,label;variable,
SCUC-TidyCensus/scuc_data/scuc_enrollment_acs5_table_b14001_labeled.csv,data,10,2,label;variable,
SCUC-TidyCensus/scuc_data/scuc_enrollment_acs5_table_b14001_labeled.rds,data,10,2,label;variable,
SCUC-TidyCensus/scuc_data/scuc_enrollment_acs5_table_b14001_labeled.xlsx,Sheet1,10,2,label;variable,
SCUC-TidyCensus/scuc_data/scuc_enrollment_by_sex_acs1_table_b14002_labeled.csv,data,49,2,label;variable,
SCUC-TidyCensus/scuc_data/scuc_enrollment_by_sex_acs1_table_b14002_labeled.rds,data,49,2,label;variable,
SCUC-TidyCensus/scuc_data/scuc_enrollment_by_sex_acs1_table_b14002_labeled.xlsx,Sheet1,49,2,label;variable,
SCUC-TidyCensus/scuc_data/scuc_enrollment_by_sex_acs5_table_b14002_labeled.csv,data,49,2,label;variable,
SCUC-TidyCensus/scuc_data/scuc_enrollment_by_sex_acs5_table_b14002_labeled.rds,data,49,2,label;variable,
SCUC-TidyCensus/scuc_data/scuc_enrollment_by_sex_acs5_table_b14002_labeled.xlsx,Sheet1,49,2,label;variable,
SCUC_discovery_review/candidate_project_roots.csv,data,46,9,candidate_root;folder_name_contains_scuc;include_as_project;project_markers;project_note;project_score;recommendation;relative_root;scuc_file_count,
SCUC_discovery_review/root_level_scuc_strays.csv,data,3,13,created_time;depth;directly_in_home_base;extension;location_flag;modified_time;name;parent;path;relative_path;scuc_named_ancestor;size_bytes;type,
SCUC_discovery_review/root_level_scuc_strays.xlsx,root_level_scuc_strays,6,13,created_time;depth;directly_in_home_base;extension;location_flag;modified_time;name;parent;path;relative_path;scuc_named_ancestor;size_bytes;type,
SCUC_discovery_review/scuc_directories_found.csv,data,28,10,created_time;depth;extension;modified_time;name;parent;path;relative_path;size_bytes;type,
SCUC_discovery_review/scuc_files_found.csv,data,174,13,created_time;depth;directly_in_home_base;extension;location_flag;modified_time;name;parent;path;relative_path;scuc_named_ancestor;size_bytes;type,
SCUC_discovery_review/scuc_files_outside_scuc_folders.csv,data,59,13,created_time;depth;directly_in_home_base;extension;location_flag;modified_time;name;parent;path;relative_path;scuc_named_ancestor;size_bytes;type,
SCUC_discovery_review/scuc_files_outside_scuc_folders.xlsx,scuc_files_outside_scuc_folders,59,13,created_time;depth;directly_in_home_base;extension;location_flag;modified_time;name;parent;path;relative_path;scuc_named_ancestor;size_bytes;type,
Stand Alone Control Charts/data/20250323 cleaned_SCUC_Teacher-Student Relationships Surveys-LONG.csv,data,34,5,level;survey_period;survey_type;value;x,
Stand Alone Control Charts/data/20250323 cleaned_SCUC_Teacher-Student Relationships Surveys-WIDE.csv,data,17,5,level;percent_favorable;sense_of_belonging;survey_period;x,
Stand Alone Control Charts/data/20250323 cleaned_SCUC_Teacher-Student Relationships Surveys-WIDE.xlsx,cleaned_SCUC_Teacher-Student Re,17,5,level;percent_favorable;sense_of_belonging;survey_period;x,
build_a_bond_shiny_app/SCUC_Bond_Projects_20251207.csv,data,38,5,category;description;estimated_cost;project;project_name,
build_a_bond_shiny_app/SCUC_Bond_Projects_20251207.xlsx,Sheet1,39,5,;;;294220611;total,
ggplot2 Shiny Dashboard Theming Test/data/20250323 cleaned_SCUC_Teacher-Student Relationships Surveys-WIDE.csv,data,17,5,level;percent_favorable;sense_of_belonging;survey_period;x,
ggplot2 Shiny Dashboard Theming Test/data/20250323 cleaned_SCUC_Teacher-Student Relationships Surveys-WIDE.xlsx,cleaned_SCUC_Teacher-Student Re,17,5,level;percent_favorable;sense_of_belonging;survey_period;x,
ggplot2 Shiny Dashboard Theming Test/data/20250324 cleaned_SCUC_Teacher-Student Relationships Surveys-LONG copy.csv,data,34,5,level;survey_period;survey_type;value;x,
ggplot2 Shiny Dashboard Theming Test/data/20250324 cleaned_SCUC_Teacher-Student Relationships Surveys-LONG.csv,data,34,5,level;survey_period;survey_type;value;x,
